timestamp,LLC-load-misses,cycles,instructions,IPC
0.100177181,715428.0,381563591.0,508271727.0,1.3320760654021626
0.204561685,11575.0,373142768.0,236161861.0,0.6328994724078372
0.308996759,717132.0,381672047.0,287560695.0,0.7534235144026673
0.413585509,959757.0,382550878.0,336840344.0,0.8805112296723052
0.518129538,1000312.0,383169337.0,327753140.0,0.8553741344913516
0.622866323,1147253.0,383571495.0,370124627.0,0.9649429945257011
0.727528409,1053431.0,383043088.0,332091051.0,0.866980925655027
0.832186255,937154.0,382723117.0,333585352.0,0.8716101462980089
0.936737869,493922.0,373892507.0,497780293.0,1.3313459983299425
1.041448635,12967.0,385500950.0,216914210.0,0.5626813889823099
1.146089807,942692.0,385471666.0,327050152.0,0.8484414831153894
1.250804042,1123246.0,385969994.0,361679632.0,0.937066708869602
1.355476213,1114925.0,384789229.0,349753827.0,0.9089491093837244
1.460102515,1006820.0,385388112.0,338710987.0,0.8788828104796341
1.56479892,968035.0,385909489.0,331232880.0,0.8583175315494769
1.669482475,1113360.0,385732163.0,396843515.0,1.0288058737793147
1.774176728,41301.0,376322566.0,414289280.0,1.1008887519118373
1.87899036,347705.0,386323649.0,241936278.0,0.6262528287518841
1.983653829,1130693.0,384652559.0,369067083.0,0.9594816786335224
2.088322689,1108483.0,384734492.0,342175472.0,0.8893808044639783
2.192907251,986511.0,385506087.0,340469292.0,0.8831748796744681
2.297611213,974567.0,385344679.0,329075853.0,0.8539779343884492
2.402177071,1136020.0,384226638.0,381470807.0,0.9928275899496588
2.506907364,640247.0,377827213.0,498718011.0,1.3199631838059267
2.611403291,9973.0,384986251.0,227110042.0,0.5899172799290435
2.715982972,848140.0,384765481.0,322955286.0,0.8393561843454455
2.82063301,1103855.0,385721800.0,335148697.0,0.8688871020512712
2.925285866,964645.0,385338123.0,341604520.0,0.8865059012082228
3.029902011,990746.0,385679102.0,327703917.0,0.8496802530928937
3.134626997,1153446.0,384986944.0,382109419.0,0.9925256556232722
3.239288482,1111952.0,397417203.0,346809394.0,0.8726582326633706
3.347138687,139461.0,377780749.0,461263834.0,1.2209828987342073
3.451765878,217899.0,384630804.0,248684549.0,0.646553906795255
3.556511547,1135849.0,386075371.0,342096856.0,0.8860882659101298
3.661232745,995530.0,385998910.0,341052742.0,0.8835588214484854
3.765914593,977747.0,385833057.0,329179894.0,0.8531666430022868
3.870711596,1145589.0,386269633.0,381457656.0,0.9875424403346768
3.975346803,1108508.0,385238533.0,336752976.0,0.8741414660095801
4.080050613,735340.0,385528904.0,511916258.0,1.3278284784582586
4.184798532,13422.0,384293095.0,252685302.0,0.6575327667545002
4.289530631,739701.0,385633283.0,294624744.0,0.7640023747639023
4.394273255,1006899.0,384874648.0,340669026.0,0.8851428062884517
4.498977161,983359.0,385746176.0,331910566.0,0.8604377350975995
4.603638781,1137068.0,385767402.0,376283671.0,0.9754159347035756
4.70829547,1107121.0,385781589.0,342926822.0,0.8889144318393069
4.813000937,990671.0,385943258.0,341807881.0,0.8856428345744026
4.917661775,341767.0,374916326.0,480979806.0,1.2828990701247829
5.022353378,14107.0,385707181.0,212311691.0,0.5504478564530537
5.127006113,1131282.0,384946615.0,356668970.0,0.9265413854853614
5.231751278,984979.0,386094502.0,332782850.0,0.8619207170165816
5.336433776,1134186.0,385693273.0,375761204.0,0.9742487886222481
5.441052705,1118964.0,384441459.0,342672802.0,0.8913523606203981
5.545728103,991219.0,385031394.0,341305360.0,0.8864351461169423
5.650518945,917435.0,386253831.0,483648067.0,1.2521508608674485
5.755186167,42020.0,378339127.0,299252245.0,0.7909629843809414
5.859873166,546188.0,385856239.0,272065242.0,0.7050948371473656
5.964620641,980716.0,385107229.0,333342892.0,0.8655846135778459
6.069332073,1126698.0,385792298.0,371547646.0,0.9630768885904508
6.174003366,1125491.0,385425378.0,347676043.0,0.9020579931817567
6.278650961,1009257.0,385231264.0,340787053.0,0.8846297921448038
6.383405022,978453.0,385512899.0,333580788.0,0.8652908602158083
6.488043683,550560.0,376370906.0,511191732.0,1.358212666948279
6.592699959,12990.0,385745212.0,218899102.0,0.5674706909907153
6.697328833,930537.0,384865214.0,322500760.0,0.8379576752291258
6.80197472,1114244.0,385718682.0,368812977.0,0.9561708939988548
6.906649843,1123278.0,385814515.0,349473145.0,0.9058061099645253
7.011286278,1021486.0,385185266.0,340637558.0,0.8843473208032833
7.115940253,981469.0,385398211.0,334398866.0,0.8676710385663934
7.22062624,1102057.0,385431751.0,407326829.0,1.0568066277445836
7.325258079,38192.0,376307306.0,401983953.0,1.068233187585255
7.429847474,332452.0,384503091.0,245296712.0,0.6379577115025065
7.534524817,1114455.0,385611982.0,363211118.0,0.9419082781509627
7.639207664,1128291.0,385888607.0,353874789.0,0.9170387064575866
7.743944086,1031267.0,386054613.0,340466382.0,0.8819124821596162
7.848606327,974179.0,385773875.0,337301200.0,0.8743495136885565
7.953285028,1100347.0,385637442.0,363355942.0,0.9422216372859356
8.057986133,626410.0,377608559.0,508089245.0,1.3455448317843877
8.162598118,6048.0,385059697.0,224039340.0,0.5818301467161857
8.267257074,844398.0,385361832.0,315654745.0,0.8191126333445498
8.372015855,1142549.0,385344257.0,361095468.0,0.9370724006923503
8.476620372,1057122.0,384877352.0,338296292.0,0.8789716782295883
8.581300037,967182.0,385667784.0,339539796.0,0.8803945003609636
8.685999117,1085065.0,385915586.0,355919761.0,0.92227361089272
8.790764336,1141770.0,386160696.0,361906770.0,0.9371921424131678
8.895444418,86890.0,377669989.0,448969024.0,1.1887866049107756
9.000124796,244541.0,385367510.0,238028870.0,0.6176671977354812
9.104876248,1164851.0,385005013.0,363345103.0,0.9437412260395684
9.209527334,1054445.0,385279785.0,337819678.0,0.876816514004232
9.314179155,964108.0,385568999.0,340024232.0,0.8818764809460213
9.418811132,1072231.0,384855009.0,353085605.0,0.9174509795713741
9.523529199,1141927.0,385578024.0,361262881.0,0.9369384625509674
9.628272318,695967.0,377532978.0,513558541.0,1.3603011416925808
9.732735696,9864.0,385050056.0,232205234.0,0.6030520717545357
9.837389425,799238.0,385765351.0,308268819.0,0.7991096613547337
9.942132478,1070865.0,386062167.0,338467298.0,0.8767170858262318
10.046841166,,,340375594.0,
