time_step,victim,attacker,run_id,IPC,Total_MB_per_sec,cache_dominance_score,LLC-load-misses,LLC-loads,instructions,cycles,cas_count_total
0.1,redis-benchmark,stress-ng,2,0.684620088936588,7240.9,0.0013814405905321452,17741.0,545712.0,261654070.0,382188712.0,11863490.559999999
0.2,redis-benchmark,stress-ng,2,0.6905263743720532,7858.8,0.0013880235573930477,14582.0,552997.0,267855510.0,387900477.0,12875857.92
0.3,redis-benchmark,stress-ng,2,0.6862865853831143,7826.799999999999,0.0013839041414779162,11794.0,548588.0,266199450.0,387883802.0,12823429.12
0.4,redis-benchmark,stress-ng,2,0.6868740601529131,5438.099999999999,0.0013907081102625873,13206.0,553092.0,266650986.0,388209428.0,8909783.04
0.5,redis-benchmark,stress-ng,2,0.6856039836065084,5087.799999999999,0.001389453957447266,13408.0,552323.0,265919046.0,387860999.0,8335851.52
0.6,redis-benchmark,stress-ng,2,0.6842109253595591,5014.6,0.001402852822306917,14947.0,559115.0,265406096.0,387900991.0,8215920.640000001
0.7,redis-benchmark,stress-ng,2,0.6848454395625757,4774.9,0.0013995606763376697,14035.0,556869.0,265624346.0,387860283.0,7823196.16
0.9,redis-benchmark,stress-ng,2,0.6854907381929558,7114.5,0.0013989191079223338,13728.0,556466.0,265949525.0,387969538.0,11656396.8
1.0,redis-benchmark,stress-ng,2,0.6900927693656593,7886.2,0.0013820055309463157,12565.0,548506.0,267617604.0,387799461.0,12920750.08
1.1,redis-benchmark,stress-ng,2,0.6852161721739266,7829.099999999999,0.0014103053229789831,13138.0,559747.0,265577475.0,387582030.0,12827197.44
1.2,redis-benchmark,stress-ng,2,0.6898728162566504,5459.2,0.001388068126763365,13709.0,552554.0,267807113.0,388197805.0,8944353.28
1.3,redis-benchmark,stress-ng,2,0.6851904266486832,5049.2,0.0014065092170220356,13858.0,559399.0,265763968.0,387868770.0,8272609.28
1.4,redis-benchmark,stress-ng,2,0.6852272911183134,5005.299999999999,0.0014055922746339952,14066.0,555837.0,264113770.0,385439654.0,8200683.52
1.5,redis-benchmark,stress-ng,2,0.6884290523101083,4751.0,0.0013893489471017099,13851.0,552747.0,267025547.0,387876639.0,7784038.4
1.6,redis-benchmark,stress-ng,2,0.6855340254427404,4723.3,0.0013907966839975013,14675.0,559122.0,268361974.0,391464120.0,7738654.72
1.7,redis-benchmark,stress-ng,2,0.691222840801437,7155.1,0.001386042529717077,13379.0,536089.0,260676771.0,377124070.0,11722915.84
1.8,redis-benchmark,stress-ng,2,0.6899469417137669,7650.8,0.0013926346362479276,13037.0,553198.0,267609623.0,387869859.0,12535070.72
1.9,redis-benchmark,stress-ng,2,0.6955732061947483,7744.9,0.0013729356156053972,13991.0,546520.0,269796267.0,387876164.0,12689244.16
2.0,redis-benchmark,stress-ng,2,0.6859307851202515,5575.0,0.001397631413016682,15493.0,562650.0,268534198.0,391488768.0,9134080.0
2.1,redis-benchmark,stress-ng,2,0.6869880235007755,5037.1,0.001409215791843519,14178.0,545608.0,259070362.0,377110449.0,8252784.640000001
2.3,redis-benchmark,stress-ng,2,0.6899628572427335,4704.0,0.0014026977411904535,15369.0,564944.0,270326476.0,391798592.0,7707033.6
2.4,redis-benchmark,stress-ng,2,0.6852350503939212,3984.1000000000004,0.0014038311783787674,14771.0,559297.0,265792858.0,387885672.0,6527549.44
2.5,redis-benchmark,stress-ng,2,0.7089902692195551,4336.2,0.0012402016201182656,45006.0,526932.0,275504272.0,388586817.0,7104430.08
2.7,redis-benchmark,stress-ng,2,0.7113021649062152,5880.599999999999,0.0012528117758610331,40323.0,527232.0,276449689.0,388652956.0,9634775.04
2.8,redis-benchmark,stress-ng,2,0.7056369449051443,5889.200000000001,0.001265745965788763,41073.0,537364.0,276675790.0,392093685.0,9648865.280000001
2.9,redis-benchmark,stress-ng,2,0.7065295094967462,5838.099999999999,0.0012687996018624645,38881.0,522750.0,269441862.0,381359672.0,9565143.04
3.0,redis-benchmark,stress-ng,2,0.7096205411879987,5213.9,0.0012445790910060172,44137.0,532402.0,278393616.0,392313356.0,8542453.76
3.1,redis-benchmark,stress-ng,2,0.7074773911152937,3870.7,0.0012552553903732101,44862.0,532242.0,274693368.0,388271585.0,6341754.88
3.2,redis-benchmark,stress-ng,2,0.6924456987735272,4139.0,0.0013750223935672964,14723.0,548081.0,268593046.0,387890410.0,6781337.6
3.3,redis-benchmark,stress-ng,2,0.7053063778268631,4796.1,0.0012496120815259496,43807.0,538035.0,278952297.0,395505139.0,7857930.24
3.4,redis-benchmark,stress-ng,2,0.6943783505859574,3791.3999999999996,0.001376201824787611,14834.0,534170.0,262036911.0,377369068.0,6211829.76
3.6,redis-benchmark,stress-ng,2,0.6859111966142446,5779.9,0.001405738764132707,13324.0,573257.0,273211726.0,398319385.0,9469788.16
3.7,redis-benchmark,stress-ng,2,0.6874878204253825,7823.9,0.0014077528245471822,13035.0,544356.0,259475037.0,377424922.0,12818677.76
3.8,redis-benchmark,stress-ng,2,0.6870320428850696,7790.8,0.001400728070912836,15438.0,573391.0,273665958.0,398330705.0,12764446.72
3.9,redis-benchmark,stress-ng,2,0.6918270773572819,6601.800000000001,0.0013756929727018808,15497.0,534547.0,261026880.0,377300757.0,10816389.120000001
4.0,redis-benchmark,stress-ng,2,0.6882686213004385,5027.4,0.0014000436002779084,16871.0,564702.0,269316532.0,391295671.0,8236892.16
4.1,redis-benchmark,stress-ng,2,0.7053514636049323,4134.8,0.0012663865503483396,42452.0,533769.0,273653542.0,387967639.0,6774456.32
4.2,redis-benchmark,stress-ng,2,0.691914231125484,4587.7,0.0013823359951833456,15207.0,551756.0,268564148.0,388146588.0,7516487.68
4.3,redis-benchmark,stress-ng,2,0.6854204261916595,4706.3,0.0013904848935510832,14518.0,553869.0,265865666.0,387886990.0,7710801.92
4.4,redis-benchmark,stress-ng,2,0.6873636979318639,4751.0,0.001397627570292477,13732.0,555846.0,266615722.0,387881587.0,7784038.4
4.5,redis-benchmark,stress-ng,2,0.6905417384562273,7772.200000000001,0.001392851783539332,12212.0,557023.0,270103926.0,391147864.0,12733972.48
4.6,redis-benchmark,stress-ng,2,0.6885599655663335,7742.5,0.0014044736057994116,13418.0,558206.0,267088826.0,387894794.0,12685312.0
4.7,redis-benchmark,stress-ng,2,0.6886128691512,7589.300000000001,0.0014062232601931685,14355.0,559844.0,267120276.0,387910665.0,12434309.120000001
4.9,redis-benchmark,stress-ng,2,0.6858774631508284,5038.9,0.0014041260445150081,14379.0,558958.0,266012061.0,387841962.0,8255733.76
5.0,redis-benchmark,stress-ng,2,0.6915359843712716,4906.8,0.0013781818217911289,14710.0,549287.0,268236909.0,387885685.0,8039301.12
5.1,redis-benchmark,stress-ng,2,0.6847694459594148,4735.8,0.0013990558655063014,15398.0,558093.0,265622670.0,387900879.0,7759134.72
5.2,redis-benchmark,stress-ng,2,0.6871048124903189,4667.7,0.0013855991187128522,14924.0,552355.0,266506684.0,387869040.0,7647559.68
5.3,redis-benchmark,stress-ng,2,0.6957571440840417,7258.5,0.0013606318142511437,13498.0,546563.0,272582030.0,391777551.0,11892326.4
5.4,redis-benchmark,stress-ng,2,0.7091873922861799,5845.4,0.0012568425979302361,38712.0,526697.0,275350955.0,388262620.0,9577103.36
5.5,redis-benchmark,stress-ng,2,0.707834197595992,5763.9,0.001271263106666571,38476.0,517649.0,266801604.0,376926694.0,9443573.76
5.6,redis-benchmark,stress-ng,2,0.7065913464042407,5562.5,0.001258335189901148,41143.0,545786.0,283371537.0,401040203.0,9113600.0
5.7,redis-benchmark,stress-ng,2,0.6942167834635756,4905.400000000001,0.001360235304807395,14133.0,526563.0,261526447.0,376721585.0,8037007.36
5.8,redis-benchmark,stress-ng,2,0.6869294914073901,5107.0,0.0013919011800617423,13636.0,568959.0,274062377.0,398967260.0,8367308.8
5.9,redis-benchmark,stress-ng,2,0.7079411325068851,3951.8,0.0012480501664135603,43106.0,527442.0,274733649.0,388074144.0,6474629.12
6.0,redis-benchmark,stress-ng,2,0.7095451728189914,3570.5,0.0012437126085275852,43090.0,511729.0,267361236.0,376806504.0,5849907.2
6.1,redis-benchmark,stress-ng,2,0.7066334349052751,3634.8,0.0012514119734749127,45425.0,544703.0,281926764.0,398971730.0,5955256.32
6.3,redis-benchmark,stress-ng,2,0.7104056517884226,6679.0,0.0012453115259561775,40575.0,509937.0,267754221.0,376903281.0,10942873.6
6.4,redis-benchmark,stress-ng,2,0.6918734132735771,7807.799999999999,0.0013758361927200375,13448.0,562283.0,275995316.0,398910134.0,12792299.52
6.5,redis-benchmark,stress-ng,2,0.6893009422582235,7831.2,0.0014080621851649455,11584.0,542230.0,259771757.0,376862617.0,12830638.08
6.6,redis-benchmark,stress-ng,2,0.6867897637451299,5273.7,0.0014142750234271374,12522.0,576807.0,274023903.0,398992410.0,8640430.08
6.7,redis-benchmark,stress-ng,2,0.6891660505042968,5051.4,0.0013967694664584747,12480.0,538779.0,259675925.0,376797326.0,8276213.76
6.8,redis-benchmark,stress-ng,2,0.6871540963160465,4969.4,0.0014028724427742813,13290.0,572976.0,274145044.0,398957156.0,8141864.96
6.9,redis-benchmark,stress-ng,2,0.6877192476612537,4689.599999999999,0.0013989062488591936,12013.0,539106.0,259125300.0,376789367.0,7683440.64
7.0,redis-benchmark,stress-ng,2,0.6913536005062075,4783.9,0.0013840105967999469,13635.0,555446.0,270650374.0,391478939.0,7837941.76
7.1,redis-benchmark,stress-ng,2,0.6886850891649938,7398.400000000001,0.0013953423356976324,11931.0,553168.0,267132905.0,387888324.0,12121538.56
7.2,redis-benchmark,stress-ng,2,0.6918166866388972,7641.0,0.001393829855611578,11713.0,552366.0,268348942.0,387890242.0,12519014.4
7.3,redis-benchmark,stress-ng,2,0.6889494554191996,7911.700000000001,0.0014020112499064544,11338.0,555120.0,267214912.0,387858514.0,12962529.280000001
7.4,redis-benchmark,stress-ng,2,0.6922392406641377,5308.0,0.0013856382061463303,12348.0,549826.0,268514076.0,387892018.0,8696627.2
7.6,redis-benchmark,stress-ng,2,0.7066148455267206,4786.599999999999,0.0012502678543500905,41222.0,526396.0,274206163.0,388056046.0,7842365.4399999995
7.7,redis-benchmark,stress-ng,2,0.6921799060143459,4700.0,0.0013298605997999163,14797.0,530991.0,268674111.0,388156473.0,7700480.0
7.8,redis-benchmark,stress-ng,2,0.6888209896502443,4705.2,0.0013842804909392692,14014.0,555457.0,269423217.0,391136770.0,7708999.68
7.9,redis-benchmark,stress-ng,2,0.686489201224022,6069.400000000001,0.0013859049470218794,13621.0,536716.0,259108007.0,377439305.0,9944104.96
8.0,redis-benchmark,stress-ng,2,0.6894243530416758,7918.5,0.0014123332904966705,11715.0,543865.0,259766708.0,376787833.0,12973670.4
8.2,redis-benchmark,stress-ng,2,0.6899072815310854,7659.700000000001,0.0014141221198295216,11653.0,560145.0,267592607.0,387867492.0,12549652.48
8.3,redis-benchmark,stress-ng,2,0.6862147148027805,6393.7,0.0014084510636914974,12748.0,559085.0,266182119.0,387899171.0,10475438.08
8.4,redis-benchmark,stress-ng,2,0.6863548624221003,4946.1,0.0014013548478164627,12605.0,556140.0,266212295.0,387863931.0,8103690.24
8.5,redis-benchmark,stress-ng,2,0.6900641167278107,5153.1,0.0014068967390414122,13789.0,559537.0,267682127.0,387909066.0,8442839.040000001
8.6,redis-benchmark,stress-ng,2,0.6901516632849679,4687.4,0.0013789629263512178,14162.0,549009.0,267683445.0,387861769.0,7679836.16
8.7,redis-benchmark,stress-ng,2,0.7107018892654765,4517.6,0.0012714225444516406,41774.0,539532.0,278237595.0,391496912.0,7401635.84
8.8,redis-benchmark,stress-ng,2,0.6927255388911882,4369.6,0.0013737752830694403,11931.0,529539.0,261003590.0,376777779.0,7159152.640000001
8.9,redis-benchmark,stress-ng,2,0.6938682873566966,7809.9,0.0014050965401335568,12829.0,557840.0,269138695.0,387881533.0,12795740.16
9.1,redis-benchmark,stress-ng,2,0.6891978266910874,7201.0,0.0014375640008500818,12664.0,570277.0,267331171.0,387887426.0,11798118.4
9.2,redis-benchmark,stress-ng,2,0.6881887881455542,4980.6,0.0014271098280771012,14347.0,567914.0,266944138.0,387893762.0,8160215.04
9.3,redis-benchmark,stress-ng,2,0.6914114228363238,5122.6,0.001412606004621653,14581.0,562470.0,268168698.0,387856910.0,8392867.84
9.4,redis-benchmark,stress-ng,2,0.6884592225853339,4767.2,0.001407787903336897,14528.0,560587.0,267042609.0,387884424.0,7810580.4799999995
9.5,redis-benchmark,stress-ng,2,0.6884820282277501,4688.0,0.0014019989431127723,14909.0,558741.0,267060514.0,387897582.0,7680819.2
9.6,redis-benchmark,stress-ng,2,0.7002426005397746,4228.9,0.0013122636650779956,34026.0,538805.0,269357271.0,384662788.0,6928629.76
9.7,redis-benchmark,stress-ng,2,0.6937686515280305,7196.700000000001,0.0013898044929524247,13674.0,552629.0,269037901.0,387791954.0,11791073.280000001
9.8,redis-benchmark,stress-ng,2,0.6873949213489171,7728.5,0.001420321307255864,12554.0,563483.0,266633891.0,387890400.0,12662374.4
9.9,redis-benchmark,stress-ng,2,0.6875107195381298,7720.900000000001,0.001415179473629452,12492.0,561434.0,266682436.0,387895677.0,12649922.56
10.0,redis-benchmark,stress-ng,2,0.7045879548746004,5106.1,0.0013112002015477412,30306.0,538965.0,273333549.0,387933894.0,8365834.24
10.1,redis-benchmark,stress-ng,2,0.6887744989125199,4467.9,0.0014083509999423354,15471.0,561622.0,267103074.0,387794662.0,7320207.359999999
10.2,redis-benchmark,stress-ng,2,0.6911477950086514,4981.0,0.0014029580587604199,14621.0,558818.0,268091091.0,387892565.0,8160870.4
10.3,redis-benchmark,stress-ng,2,0.6853824810841196,4726.7,0.00143421187915154,14289.0,570576.0,265838939.0,387869469.0,7744225.28
10.5,redis-benchmark,stress-ng,2,0.6878198500624431,6731.4,0.0014289242332739037,13141.0,567403.0,266796795.0,387887606.0,11028725.76
10.6,redis-benchmark,stress-ng,2,0.6891811603033512,7629.4,0.0014249927212001067,12303.0,565029.0,267319503.0,387879876.0,12500008.959999999
10.7,redis-benchmark,stress-ng,2,0.6868542003858716,7624.5,0.0014292118437283952,11592.0,565958.0,266418598.0,387882316.0,12491980.8
10.8,redis-benchmark,stress-ng,2,0.7101682039793938,4861.4,0.0012740136373998595,38591.0,532925.0,275554577.0,388013115.0,7964917.76
10.9,redis-benchmark,stress-ng,2,0.6907110261989675,5159.099999999999,0.0013661495634708803,14502.0,544287.0,267853792.0,387794290.0,8452669.44
11.0,redis-benchmark,stress-ng,2,0.6895925439449562,5007.1,0.001414613616843651,14361.0,563071.0,267483870.0,387886836.0,8203632.640000001
11.1,redis-benchmark,stress-ng,2,0.6849867385561048,4956.4,0.0014187937524100162,14912.0,565688.0,265911980.0,388200187.0,8120565.76
11.2,redis-benchmark,stress-ng,2,0.690060758013819,4652.5,0.001402152867568278,14221.0,557642.0,267441244.0,387561879.0,7622656.0
11.3,redis-benchmark,stress-ng,2,0.6864024127284841,5694.5,0.001413451864480103,13136.0,557871.0,264534950.0,385393386.0,9329868.8
11.4,redis-benchmark,stress-ng,2,0.6863196570051167,7805.599999999999,0.0014128732444647354,11854.0,558899.0,265733489.0,387186184.0,12788695.04
11.5,redis-benchmark,stress-ng,2,0.6889848487208466,7798.099999999999,0.0014148761661048393,12785.0,561626.0,267262353.0,387907446.0,12776407.04
11.6,redis-benchmark,stress-ng,2,0.6910831747068097,6818.5,0.0013747249631622408,13633.0,546863.0,268058187.0,387881223.0,11171430.4
11.8,redis-benchmark,stress-ng,2,0.6886135550575431,5111.4,0.0014096843635626017,13596.0,560387.0,267100710.0,387881865.0,8374517.76
11.9,redis-benchmark,stress-ng,2,0.685344669599466,4839.3,0.0014170839693272183,13586.0,563247.0,265832685.0,387881743.0,7928709.12
12.0,redis-benchmark,stress-ng,2,0.6892479944795411,4733.1,0.0014074551903693788,14286.0,560219.0,267350057.0,387886594.0,7754711.04
12.1,redis-benchmark,stress-ng,2,0.6865730724977402,5616.4,0.0013988317415648537,14807.0,557403.0,266316378.0,387892256.0,9201909.76
12.2,redis-benchmark,stress-ng,2,0.68544750730687,7800.2,0.00140618225548573,13704.0,559127.0,265867980.0,387875041.0,12779847.68
12.3,redis-benchmark,stress-ng,2,0.6935155919864413,7774.0,0.001383777046906448,12698.0,549438.0,269001108.0,387880404.0,12736921.6
12.4,redis-benchmark,stress-ng,2,0.6903522891864907,6847.0,0.0013997455677879633,11964.0,554914.0,267782077.0,387891923.0,11218124.8
12.5,redis-benchmark,stress-ng,2,0.6909514602802821,5095.2,0.0014038116113640922,13892.0,558402.0,268006032.0,387879681.0,8347975.68
12.6,redis-benchmark,stress-ng,2,0.6890344938597307,5089.4,0.0014082825260598592,14609.0,560849.0,267260436.0,387876715.0,8338472.96
12.7,redis-benchmark,stress-ng,2,0.6928327827618883,4814.099999999999,0.001392783087740367,13173.0,553442.0,268754035.0,387906060.0,7887421.4399999995
12.8,redis-benchmark,stress-ng,2,0.6879883779565958,4730.8,0.0013973034996200024,14908.0,557179.0,266997217.0,388083906.0,7750942.72
12.9,redis-benchmark,stress-ng,2,0.689076614128415,5594.8,0.0014037139695112482,13216.0,557383.0,267129032.0,387662310.0,9166520.32
13.0,redis-benchmark,stress-ng,2,0.6923645399217979,7633.0,0.0014081726779741855,12468.0,558663.0,268550907.0,387875016.0,12505907.2
13.2,redis-benchmark,stress-ng,2,0.6864139431180137,6775.5,0.0014184033723765297,12503.0,562704.0,266261097.0,387901644.0,11100979.2
13.4,redis-benchmark,stress-ng,2,0.688693367279813,5123.7,0.0014121003508525503,12384.0,560120.0,267135512.0,387887447.0,8394670.08
13.5,redis-benchmark,stress-ng,2,0.6917497301953482,4911.900000000001,0.001402968678368887,13887.0,547548.0,263127651.0,380379839.0,8047656.960000001
13.6,redis-benchmark,stress-ng,2,0.693481569943742,4922.3,0.0013717319091023396,23674.0,551287.0,266735715.0,384632738.0,8064696.32
13.7,redis-benchmark,stress-ng,2,0.6909385800793354,4364.5,0.0013715897933092014,15470.0,547526.0,268023296.0,387911898.0,7150796.8
13.8,redis-benchmark,stress-ng,2,0.6922296562561991,5050.1,0.0014017412946103044,13493.0,561778.0,270762614.0,391145643.0,8274083.84
13.9,redis-benchmark,stress-ng,2,0.7068199804977771,6911.599999999999,0.0012717073796708258,39772.0,533163.0,274228665.0,387975259.0,11323965.44
14.0,redis-benchmark,stress-ng,2,0.6943161138163252,6607.799999999999,0.0013948948062853645,12828.0,553872.0,269307453.0,387874410.0,10826219.52
14.1,redis-benchmark,stress-ng,2,0.6883722720162188,7738.3,0.0013983141427696532,14600.0,556979.0,267006285.0,387880651.0,12678430.72
14.2,redis-benchmark,stress-ng,2,0.6939946339714979,5374.5,0.0013841571609112912,14766.0,551666.0,269193217.0,387889479.0,8805580.8
14.3,redis-benchmark,stress-ng,2,0.6897866762191261,4997.099999999999,0.0014055408209409754,14836.0,560016.0,267553880.0,387879165.0,8187248.64
14.5,redis-benchmark,stress-ng,2,0.6916474716073927,4701.6,0.0014033800602916602,14517.0,558878.0,268285064.0,387892785.0,7703101.44
14.6,redis-benchmark,stress-ng,2,0.6882365130524577,4722.9,0.0014044877465884894,15595.0,565864.0,269646509.0,391793379.0,7737999.359999999
14.7,redis-benchmark,stress-ng,2,0.6904078507718185,6825.1,0.0014020016415435847,13472.0,541738.0,260141631.0,376794138.0,11182243.84
14.8,redis-benchmark,stress-ng,2,0.7089088296479462,5831.2,0.0012623672394860503,40214.0,544050.0,282939685.0,399119990.0,9553838.08
14.9,redis-benchmark,stress-ng,2,0.6931844587899968,7690.900000000001,0.001373268980169166,12827.0,530255.0,261181934.0,376785617.0,12600770.56
15.0,redis-benchmark,stress-ng,2,0.6915946767386837,6459.6,0.0014009930813241394,13931.0,572805.0,275885933.0,398912748.0,10583408.64
15.1,redis-benchmark,stress-ng,2,0.6882237736406451,5055.5,0.0013968476127292175,12601.0,539019.0,259365001.0,376861438.0,8282931.2
15.2,redis-benchmark,stress-ng,2,0.6909059338596032,5092.099999999999,0.0013886205337454033,14201.0,568217.0,275649778.0,398968607.0,8342896.64
15.3,redis-benchmark,stress-ng,2,0.6875651847250721,4804.4,0.0014082860911389336,13170.0,543841.0,259088623.0,376820451.0,7871528.96
15.4,redis-benchmark,stress-ng,2,0.687668430050081,4725.5,0.0013908016715177113,14057.0,568918.0,274345653.0,398950484.0,7742259.2
15.5,redis-benchmark,stress-ng,2,0.6933534869644309,5941.4,0.0013946995731530616,12857.0,538382.0,261256688.0,376801578.0,9734389.76
15.6,redis-benchmark,stress-ng,2,0.7011531125904398,6989.8,0.0012585251355071534,41108.0,534027.0,274616439.0,391664009.0,11452088.32
15.7,redis-benchmark,stress-ng,2,0.6944826294052072,6780.2,0.0013512966160616684,20290.0,550178.0,272329559.0,392133003.0,11108679.68
15.9,redis-benchmark,stress-ng,2,0.6885650852169326,4978.3,0.001393754858256918,13976.0,548591.0,264119060.0,383578932.0,8156446.72
16.0,redis-benchmark,stress-ng,2,0.6901989434680876,5076.5,0.0014046825818808159,13262.0,558139.0,267728478.0,387900446.0,8317337.6
16.1,redis-benchmark,stress-ng,2,0.6927877311344915,4751.9,0.0013725385427311317,19222.0,561897.0,273914772.0,395380518.0,7785512.96
16.2,redis-benchmark,stress-ng,2,0.6871183053195019,4758.9,0.0013823354348530506,13631.0,534488.0,258902702.0,376794942.0,7796981.76
16.3,redis-benchmark,stress-ng,2,0.6882210721478268,4890.6,0.0013917332538567072,14419.0,569679.0,274579652.0,398970132.0,8012759.04
16.4,redis-benchmark,stress-ng,2,0.6885854139283311,7621.800000000001,0.0014079212174952808,11948.0,542447.0,259456189.0,376795941.0,12487557.120000001
16.5,redis-benchmark,stress-ng,2,0.7124831177217178,5976.900000000001,0.0012580860573524215,38484.0,522833.0,274297997.0,384988767.0,9792552.96
16.6,redis-benchmark,stress-ng,2,0.6906680504924546,7815.4,0.0013760810956144954,11970.0,535713.0,262871540.0,380604749.0,12804751.36
16.7,redis-benchmark,stress-ng,2,0.6911523003726091,5542.1,0.0013950686763330793,13022.0,538779.0,260473313.0,376868185.0,9080176.64
16.8,redis-benchmark,stress-ng,2,0.6886971494219251,5033.5,0.0014029225760425908,14415.0,543928.0,259938859.0,377435654.0,8246886.399999999
16.9,redis-benchmark,stress-ng,2,0.6859223313559579,4993.0,0.0013991725861726685,15161.0,572505.0,273229121.0,398338279.0,8180531.2
17.0,redis-benchmark,stress-ng,2,0.6909737803123651,4689.2,0.0013936113285532336,14061.0,540073.0,260804783.0,377445267.0,7682785.279999999
17.1,redis-benchmark,stress-ng,2,0.6873462605638145,4710.400000000001,0.001391036418260627,15417.0,569493.0,273782959.0,398318831.0,7717519.36
17.2,redis-benchmark,stress-ng,2,0.6946839713252322,6804.700000000001,0.0013837141444974985,13664.0,550390.0,269459520.0,387887919.0,11148820.48
17.4,redis-benchmark,stress-ng,2,0.6927267970344867,7683.199999999999,0.00139155421037941,13089.0,552848.0,268696340.0,387882122.0,12588154.879999999
17.5,redis-benchmark,stress-ng,2,0.6949118494609569,5725.2,0.00137368617599046,13591.0,546423.0,269545750.0,387884809.0,9380167.68
17.6,redis-benchmark,stress-ng,2,0.6896701338374785,5027.0,0.0013977796249463191,14475.0,542075.0,260319979.0,377455781.0,8236236.800000001
17.7,redis-benchmark,stress-ng,2,0.6896915663524172,5002.900000000001,0.0013995833094616408,14583.0,572051.0,274711034.0,398309980.0,8196751.36
17.8,redis-benchmark,stress-ng,2,0.6918131616710268,4746.7,0.0014002252318534056,13346.0,541860.0,261124377.0,377449276.0,7776993.28
17.9,redis-benchmark,stress-ng,2,0.6881070335956746,4691.7,0.00139632830754692,15805.0,572002.0,274092465.0,398328242.0,7686881.279999999
18.0,redis-benchmark,stress-ng,2,0.6903024394813775,6088.400000000001,0.0013940843580384082,14191.0,540382.0,260551615.0,377445595.0,9975234.56
18.1,redis-benchmark,stress-ng,2,0.7068681561344927,6166.7,0.0012826213851456715,35534.0,548135.0,282500610.0,399651063.0,10103521.28
18.2,redis-benchmark,stress-ng,2,0.710920870236615,6221.5,0.0012633585670951903,38234.0,517216.0,269534168.0,379133852.0,10193305.6
18.3,redis-benchmark,stress-ng,2,0.6901715847472694,7380.799999999999,0.0013875537505587717,12304.0,535497.0,260237084.0,377061429.0,12092702.719999999
18.4,redis-benchmark,stress-ng,2,0.6882605826668604,5110.9,0.0013922832612373644,14155.0,543754.0,261801694.0,380381647.0,8373698.56
18.6,redis-benchmark,stress-ng,2,0.6873794493861584,5055.6,0.0013913054797969702,15492.0,555441.0,266763735.0,388088028.0,8283095.04
18.8,redis-benchmark,stress-ng,2,0.7102611964039107,3648.4000000000005,0.0012419208195219224,44083.0,534997.0,280756357.0,395286070.0,5977538.5600000005
18.9,redis-benchmark,stress-ng,2,0.7085881722342655,3605.5,0.0012433283009992844,44951.0,517923.0,269552591.0,380407974.0,5907251.2
19.0,redis-benchmark,stress-ng,2,0.7113311278351055,4464.3,0.001239444370222078,44024.0,524985.0,276028952.0,388045653.0,7314309.12
19.1,redis-benchmark,stress-ng,2,0.7098956795818657,5732.6,0.0012402657942483916,39694.0,520868.0,275411404.0,387960389.0,9392291.84
19.2,redis-benchmark,stress-ng,2,0.6927802410429926,7381.0,0.0013849824405696974,13992.0,551202.0,268717106.0,387882174.0,12093030.4
19.3,redis-benchmark,stress-ng,2,0.6939351773091191,7732.0,0.0013740532891286631,13327.0,556574.0,274354864.0,395360940.0,12668108.8
19.4,redis-benchmark,stress-ng,2,0.6892860235124308,5042.5,0.001391947223151897,12418.0,541909.0,262201569.0,380395888.0,8261632.0
19.5,redis-benchmark,stress-ng,2,0.6926659880040609,5012.4,0.0013925676333663565,13847.0,554016.0,268681165.0,387894266.0,8212316.16
19.6,redis-benchmark,stress-ng,2,0.6887310498202934,4917.900000000001,0.0013915280970247675,14905.0,569646.0,274566753.0,398655982.0,8057487.36
19.7,redis-benchmark,stress-ng,2,0.6917462527072522,4726.4,0.0013877468468130785,14287.0,537650.0,260879277.0,377131464.0,7743733.76
19.8,redis-benchmark,stress-ng,2,0.7085482932486946,4226.6,0.0012333021183876878,42522.0,520984.0,274882714.0,387951981.0,6924861.44
19.9,redis-benchmark,stress-ng,2,0.6886592369283626,5801.2,0.001378399173126518,12406.0,547088.0,267131398.0,387900697.0,9504686.08
20.1,redis-benchmark,stress-ng,2,0.7057042945824153,6611.900000000001,0.0012819515889945451,32025.0,529371.0,273785072.0,387960048.0,10832936.96
20.2,redis-benchmark,stress-ng,2,0.7105062837653804,5685.5,0.0012458053571299038,38729.0,526993.0,278466165.0,391926393.0,9315123.2
20.3,redis-benchmark,stress-ng,2,0.6915307488107397,4946.0,0.0013836155457574047,14169.0,550221.0,267918673.0,387428431.0,8103526.399999999
20.4,redis-benchmark,stress-ng,2,0.6862274167058959,4941.6,0.0014143783225497638,13828.0,562440.0,266175315.0,387882076.0,8096317.44
20.5,redis-benchmark,stress-ng,2,0.7100976666719508,3794.3,0.0012372018181820898,44172.0,524456.0,275661208.0,388201822.0,6216581.12
20.6,redis-benchmark,stress-ng,2,0.6909220151518224,4715.5,0.0013575275193545486,14677.0,540805.0,267776095.0,387563414.0,7725875.199999999
20.7,redis-benchmark,stress-ng,2,0.6879674577390225,4732.3,0.0013809459478195724,14600.0,550252.0,266854141.0,387887738.0,7753400.32
20.8,redis-benchmark,stress-ng,2,0.6915437412417783,6974.9,0.0013871207389695214,12537.0,550588.0,268243269.0,387890531.0,11427676.16
20.9,redis-benchmark,stress-ng,2,0.6914857287784268,7856.900000000001,0.0013644388781022556,14918.0,539282.0,265743104.0,384307431.0,12872744.96
21.0,redis-benchmark,stress-ng,2,0.6953318049716386,7851.3,0.0013581248528642138,13354.0,545453.0,272423671.0,391789458.0,12863569.92
21.1,redis-benchmark,stress-ng,2,0.689486552346606,5609.9,0.0013867772553885754,14257.0,552136.0,267426031.0,387862577.0,9191260.16
21.2,redis-benchmark,stress-ng,2,0.6935002635703404,5125.699999999999,0.001378208390040028,14003.0,548579.0,268993136.0,387877482.0,8397946.879999999
21.3,redis-benchmark,stress-ng,2,0.6885836852372131,5003.5,0.0013718201417390224,13793.0,545921.0,267101093.0,387899247.0,8197734.4
21.5,redis-benchmark,stress-ng,2,0.6899451912522531,4736.9,0.0013744950661154765,13979.0,547128.0,267620887.0,387887169.0,7760936.96
21.6,redis-benchmark,stress-ng,2,0.6923716474131685,6988.7,0.0013842656407301156,14637.0,551553.0,268550634.0,387870640.0,11450286.08
21.7,redis-benchmark,stress-ng,2,0.6895966906810208,7835.299999999999,0.0013983235793650348,12593.0,555096.0,267540560.0,387966711.0,12837355.52
21.8,redis-benchmark,stress-ng,2,0.6923180468153922,7806.4,0.0013864355268426633,12509.0,545202.0,266000813.0,384217650.0,12790005.76
21.9,redis-benchmark,stress-ng,2,0.6885270042358385,5642.6,0.0014040657478646393,12306.0,556919.0,267067805.0,387882833.0,9244835.84
22.0,redis-benchmark,stress-ng,2,0.6903673313947561,4998.9,0.0013940079339592217,13625.0,554363.0,267794638.0,387901666.0,8190197.76
22.1,redis-benchmark,stress-ng,2,0.6900088715444783,5049.5,0.001365854609314432,14866.0,554454.0,272591610.0,395055225.0,8273100.8
22.2,redis-benchmark,stress-ng,2,0.6910629932523742,4763.2,0.001370292855380969,13957.0,530266.0,260383787.0,376787340.0,7804026.88
22.3,redis-benchmark,stress-ng,2,0.6877348592023075,4714.9,0.0013735022749334132,13639.0,531607.0,259354976.0,377114774.0,7724892.16
22.4,redis-benchmark,stress-ng,2,0.6895425243274796,6786.800000000001,0.001381178179747642,13927.0,559996.0,272620725.0,395364630.0,11119493.120000001
22.5,redis-benchmark,stress-ng,2,0.6919947065780508,7790.8,0.0013839576766633806,10504.0,536937.0,263222536.0,380382297.0,12764446.72
22.6,redis-benchmark,stress-ng,2,0.6889857615084627,7844.400000000001,0.001383452739962649,11909.0,533630.0,259826975.0,377115159.0,12852264.96
22.7,redis-benchmark,stress-ng,2,0.6928380859885834,5656.3,0.0013646682353782023,13677.0,528750.0,261501061.0,377434593.0,9267281.92
22.9,redis-benchmark,stress-ng,2,0.6910139410799951,4848.5,0.0013634938810449322,17406.0,560530.0,275253348.0,398332554.0,7943782.4
23.0,redis-benchmark,stress-ng,2,0.694071654607129,4762.200000000001,0.0013432592385571884,13707.0,520706.0,261970009.0,377439429.0,7802388.48
23.1,redis-benchmark,stress-ng,2,0.691091951018379,4678.2,0.0013872669088844857,14950.0,567546.0,275285632.0,398334305.0,7664762.88
23.2,redis-benchmark,stress-ng,2,0.6877428014488298,6637.799999999999,0.00137924296774186,14222.0,534794.0,259576923.0,377433137.0,10875371.52
23.3,redis-benchmark,stress-ng,2,0.6926166809306711,7730.2,0.0013844450513984291,13113.0,564576.0,275888503.0,398327835.0,12665159.68
23.4,redis-benchmark,stress-ng,2,0.6890613820541714,7710.699999999999,0.0014065867017645898,11780.0,542712.0,260093983.0,377461268.0,12633210.879999999
23.5,redis-benchmark,stress-ng,2,0.6937839658542936,5812.1,0.0014038512018008293,13008.0,562609.0,271613089.0,391495195.0,9522544.64
23.6,redis-benchmark,stress-ng,2,0.6874237720499089,4675.3,0.0014080753226035393,15125.0,570888.0,271324049.0,394696925.0,7660011.5200000005
23.7,redis-benchmark,stress-ng,2,0.7116045808517226,3736.7000000000003,0.0012628028770431253,42263.0,518491.0,268360195.0,377119825.0,6122209.28
23.9,redis-benchmark,stress-ng,2,0.6901567509456022,3986.5,0.0013709903921737855,16045.0,548283.0,267928682.0,388214245.0,6531481.6
24.0,redis-benchmark,stress-ng,2,0.6876095408510902,4606.2,0.001403856691170467,16010.0,559643.0,266271650.0,387242518.0,7546798.08
24.1,redis-benchmark,stress-ng,2,0.7077243861508618,4592.3,0.0012702688610030774,40058.0,537321.0,277047767.0,391462796.0,7524024.32
24.3,redis-benchmark,stress-ng,2,0.711277103067309,5904.5,0.001286245952313342,39782.0,539110.0,276121820.0,388205692.0,9673932.8
24.4,redis-benchmark,stress-ng,2,0.6912634517009367,7611.599999999999,0.0013726682847304637,15860.0,552827.0,270411771.0,391184823.0,12470845.44
24.5,redis-benchmark,stress-ng,2,0.7108420134987155,5578.299999999999,0.0012658647213972278,42992.0,526070.0,271270802.0,381618977.0,9139486.719999999
24.6,redis-benchmark,stress-ng,2,0.696347936038946,4503.3,0.001357505490623792,24774.0,556470.0,272739532.0,391671344.0,7378206.720000001
24.7,redis-benchmark,stress-ng,2,0.6850871868120262,5073.1,0.0014192519043595782,14470.0,564959.0,265726584.0,387872652.0,8311767.04
24.8,redis-benchmark,stress-ng,2,0.6887499608039057,4829.9,0.0014067385747390843,15044.0,560703.0,267158818.0,387889413.0,7913308.16
24.9,redis-benchmark,stress-ng,2,0.6828314949476472,4623.5,0.0014212498512632314,15866.0,567145.0,264858894.0,387883242.0,7575142.399999999
25.0,redis-benchmark,stress-ng,2,0.6880685510860901,4726.5,0.0014093455930603094,14646.0,561308.0,266890486.0,387883570.0,7743897.6
25.1,redis-benchmark,stress-ng,2,0.6907546147398334,7522.7,0.001403011976660247,13633.0,557722.0,267875110.0,387800681.0,12325191.68
25.2,redis-benchmark,stress-ng,2,0.6924991871489314,7610.1,0.0014143868985253365,13113.0,561719.0,268603456.0,387875482.0,12468387.84
25.3,redis-benchmark,stress-ng,2,0.6876884987022144,7868.5,0.0014145548703175645,13918.0,562596.0,266740837.0,387880323.0,12891750.4
25.4,redis-benchmark,stress-ng,2,0.6897920616562618,5171.800000000001,0.001409168791890188,13354.0,559949.0,267559780.0,387884690.0,8473477.120000001
25.6,redis-benchmark,stress-ng,2,0.6993102491285231,4676.7,0.0013440459322108778,20824.0,537778.0,268972378.0,384625248.0,7662305.28
25.7,redis-benchmark,stress-ng,2,0.6889696066990751,4781.6,0.0013920038507723817,17204.0,557144.0,267242256.0,387886858.0,7834173.44
25.8,redis-benchmark,stress-ng,2,0.6887958857562348,4716.1,0.0014157242453154957,14831.0,563942.0,267160359.0,387865788.0,7726858.24
25.9,redis-benchmark,stress-ng,2,0.6860751770157195,7469.099999999999,0.0014337004517969002,13505.0,569717.0,266166650.0,387955517.0,12237373.44
26.0,redis-benchmark,stress-ng,2,0.7094018336417471,5887.799999999999,0.0012740959047619833,37162.0,532300.0,275687100.0,388619097.0,9646571.52
26.1,redis-benchmark,stress-ng,2,0.691022218047788,7691.1,0.0013743291664740519,13845.0,546868.0,268007654.0,387842311.0,12601098.24
26.2,redis-benchmark,stress-ng,2,0.6873806598500598,6197.3,0.001407546999732395,13825.0,559781.0,266619584.0,387877634.0,10153656.32
26.3,redis-benchmark,stress-ng,2,0.6915545317668294,5097.5,0.0013885494544021327,15623.0,554196.0,268231425.0,387867352.0,8351744.0
26.4,redis-benchmark,stress-ng,2,0.6863872474678843,5052.7,0.0014086216597731958,13065.0,569140.0,270961891.0,394765334.0,8278343.68
26.5,redis-benchmark,stress-ng,2,0.6920170295799919,4752.900000000001,0.001396263317094207,13697.0,540249.0,260970081.0,377115114.0,7787151.36
26.6,redis-benchmark,stress-ng,2,0.687385917276581,4730.8,0.0014013566819071597,14964.0,568596.0,271564581.0,395068584.0,7750942.72
26.7,redis-benchmark,stress-ng,2,0.6917649679061018,6312.0,0.001406441836887208,13122.0,554051.0,266058448.0,384608155.0,10341580.8
26.8,redis-benchmark,stress-ng,2,0.6889897523073468,7807.0,0.0014158113121398004,13314.0,562484.0,267247831.0,387883608.0,12790988.8
27.0,redis-benchmark,stress-ng,2,0.6909945456057967,6259.0,0.0014057630372902774,13702.0,558969.0,268022784.0,387879739.0,10254745.6
27.1,redis-benchmark,stress-ng,2,0.6893962168182178,5076.9,0.0014116262585779857,14518.0,562062.0,267404180.0,387881705.0,8317992.96
27.2,redis-benchmark,stress-ng,2,0.6853220819226156,5089.7,0.0014253769163079866,13263.0,566147.0,265826961.0,387886175.0,8338964.4799999995
27.3,redis-benchmark,stress-ng,2,0.6889357768587503,4812.4,0.001421372062445703,14838.0,566164.0,267226447.0,387882958.0,7884636.16
27.4,redis-benchmark,stress-ng,2,0.6853766992723507,4714.9,0.0014330639662782198,13780.0,569636.0,265843507.0,387879406.0,7724892.16
27.5,redis-benchmark,stress-ng,2,0.6904633485895006,6259.300000000001,0.0014114687520818162,14708.0,562192.0,267818636.0,387882480.0,10255237.120000001
27.6,redis-benchmark,stress-ng,2,0.6896348436743553,7795.299999999999,0.0014243562768054047,13109.0,565595.0,267498801.0,387884695.0,12771819.52
27.7,redis-benchmark,stress-ng,2,0.6900143264434503,7759.0,0.0013949518565763183,12689.0,558346.0,269909779.0,391165471.0,12712345.6
27.8,redis-benchmark,stress-ng,2,0.6904560409427997,6239.400000000001,0.0014074893379307134,14261.0,550380.0,262997802.0,380904484.0,10222632.96
27.9,redis-benchmark,stress-ng,2,0.6782570347481939,5362.9,0.0014273329650216944,14619.0,552586.0,255637550.0,376903647.0,8786575.36
28.0,redis-benchmark,stress-ng,2,0.689776738088108,5052.7,0.0014039687509096587,13488.0,542923.0,260114014.0,377098849.0,8278343.68
28.1,redis-benchmark,stress-ng,2,0.6873306821897484,4750.9,0.0014151766198201164,14953.0,548648.0,259207892.0,377122539.0,7783874.56
28.2,redis-benchmark,stress-ng,2,0.6889029016313198,4754.799999999999,0.001415159167843365,14505.0,548161.0,259785030.0,377099631.0,7790264.319999999
28.3,redis-benchmark,stress-ng,2,0.6858859729923038,6061.5,0.0014055656147056066,16484.0,546536.0,258654045.0,377109396.0,9931161.6
28.5,redis-benchmark,stress-ng,2,0.7094634099245904,7249.6,0.0012796155407307718,40381.0,555695.0,285708024.0,402710020.0,11877744.64
28.6,redis-benchmark,stress-ng,2,0.6944876621095059,6416.2,0.0013725010334020512,13940.0,531064.0,261665550.0,376774944.0,10512302.08
28.7,redis-benchmark,stress-ng,2,0.7066543122892361,4585.299999999999,0.0012692242215653295,41549.0,547526.0,281708167.0,398650602.0,7512555.52
28.8,redis-benchmark,stress-ng,2,0.6904459801365015,5026.4,0.001387879288131084,14813.0,538242.0,260396889.0,377143030.0,8235253.76
28.9,redis-benchmark,stress-ng,2,0.6862614314259659,4437.900000000001,0.0014194655403593878,15092.0,566098.0,266391931.0,388178497.0,7271055.36
29.0,redis-benchmark,stress-ng,2,0.7099567956612813,4111.7,0.0012513482206042408,44103.0,529087.0,275157371.0,387569177.0,6736609.28
29.2,redis-benchmark,stress-ng,2,0.6906456900312182,4684.3,0.0013780201268968901,14382.0,548881.0,267883918.0,387874596.0,7674757.12
29.3,redis-benchmark,stress-ng,2,0.6948009942934064,6361.0999999999985,0.0014111067646330427,13433.0,575523.0,276761972.0,398332723.0,10422026.239999998
29.4,redis-benchmark,stress-ng,2,0.6894899488556755,7712.5,0.0014129604068596677,14685.0,562746.0,267440297.0,387881357.0,12636160.0
29.5,redis-benchmark,stress-ng,2,0.6919709324773214,7723.299999999999,0.0014183949434790493,13750.0,548667.0,260961883.0,377128389.0,12653854.719999999
29.6,redis-benchmark,stress-ng,2,0.7055139839546624,6087.6,0.0012769307742641145,38803.0,538688.0,276190272.0,391473845.0,9973923.84
29.7,redis-benchmark,stress-ng,2,0.6910136780753141,3960.5,0.001398838488428274,14765.0,557329.0,268021754.0,387867509.0,6488883.2
29.9,redis-benchmark,stress-ng,2,0.6893837128140377,4813.7,0.0013830253208410017,14895.0,551663.0,267557731.0,388111477.0,7886766.08
30.0,redis-benchmark,stress-ng,2,0.6881664907886264,4736.2,0.001382936328366175,15486.0,551617.0,266785521.0,387675838.0,7759790.08
30.1,redis-benchmark,stress-ng,2,0.6901654918982741,5350.1,0.001407265035718603,13877.0,559707.0,267691601.0,387865815.0,8765603.84
30.2,redis-benchmark,stress-ng,2,0.6918103070341262,7705.699999999999,0.0013909541033691316,12731.0,552260.0,268342228.0,387884114.0,12625018.879999999
30.3,redis-benchmark,stress-ng,2,0.6921796868452713,7780.1,0.0013997364951060668,13103.0,556043.0,268487705.0,387887293.0,12746915.84
30.4,redis-benchmark,stress-ng,2,0.6885504491253533,7007.1,0.0014043795781068851,13383.0,558123.0,267079483.0,387886586.0,11480432.64
30.5,redis-benchmark,stress-ng,2,0.6905151705018469,5028.6,0.0013960005860555729,13549.0,555022.0,267833212.0,387874479.0,8238858.24
30.6,redis-benchmark,stress-ng,2,0.6881297152681278,5018.9,0.0013999065044671536,13777.0,556787.0,266918766.0,387890190.0,8222965.76
30.7,redis-benchmark,stress-ng,2,0.687806698610248,4703.6,0.001394175614422249,14015.0,554804.0,266794436.0,387891593.0,7706378.24
30.8,redis-benchmark,stress-ng,2,0.6930735510348889,4659.9,0.0013836195504145395,13989.0,550656.0,268823683.0,387871796.0,7634780.16
30.9,redis-benchmark,stress-ng,2,0.7067643301491021,4482.6,0.0012657830092103954,39002.0,529964.0,274134213.0,387872168.0,7344291.84
31.0,redis-benchmark,stress-ng,2,0.6928306946542058,6532.7,0.0013937574897082035,14186.0,554794.0,268733850.0,387878095.0,10703175.68
31.2,redis-benchmark,stress-ng,2,0.6891681401010374,7665.1,0.001404663946153473,12639.0,557531.0,267339535.0,387916271.0,12558499.84
31.3,redis-benchmark,stress-ng,2,0.6926705168815209,5445.1,0.0014045631847556532,13157.0,557922.0,268654809.0,387853680.0,8921251.84
31.4,redis-benchmark,stress-ng,2,0.6864540736028424,4978.3,0.0014105212832610792,13471.0,560591.0,266265215.0,387884966.0,8156446.72
31.5,redis-benchmark,stress-ng,2,0.6888229582549174,4955.7,0.0014034284666996535,13548.0,563416.0,269883155.0,391803368.0,8119418.88
31.6,redis-benchmark,stress-ng,2,0.6954409884667804,4240.1,0.0013395758930252522,25267.0,530056.0,262061271.0,376827474.0,6946979.84
31.7,redis-benchmark,stress-ng,2,0.6886785193145372,4725.7,0.0013889327077257526,16639.0,570767.0,274754888.0,398959573.0,7742586.88
31.8,redis-benchmark,stress-ng,2,0.6898707242709116,6871.5,0.0014127791021455757,11957.0,544279.0,259936860.0,376790681.0,11258265.6
31.9,redis-benchmark,stress-ng,2,0.6888475483100567,7831.1,0.0014135359054000228,12301.0,576282.0,274840510.0,398985974.0,12830474.24
32.0,redis-benchmark,stress-ng,2,0.6905346670441309,7878.5,0.0014052229556410574,13605.0,543096.0,260194932.0,376802128.0,12908134.4
32.1,redis-benchmark,stress-ng,2,0.6850902882355401,5664.300000000001,0.0014159087254494865,13772.0,578710.0,273346389.0,398993233.0,9280389.120000001
32.2,redis-benchmark,stress-ng,2,0.6915021890266894,5074.8,0.0013980435445696423,13491.0,540752.0,260794549.0,377142044.0,8314552.32
32.3,redis-benchmark,stress-ng,2,0.6873619036347011,5050.3,0.0013969508544501026,15219.0,571585.0,273756798.0,398271706.0,8274411.5200000005
32.4,redis-benchmark,stress-ng,2,0.687621703422573,4764.0,0.0013869596465619662,14281.0,537330.0,259315291.0,377119119.0,7805337.600000001
32.6,redis-benchmark,stress-ng,2,0.6895693479470562,6875.799999999999,0.001394089150400272,14712.0,570468.0,274897988.0,398651693.0,11265310.719999999
32.7,redis-benchmark,stress-ng,2,0.6901113817112607,7766.7,0.0013873378740841917,12509.0,536151.0,260478223.0,377443743.0,12724961.28
32.8,redis-benchmark,stress-ng,2,0.6944667798119192,7151.900000000001,0.0013903624563854937,13924.0,553626.0,269573670.0,388173600.0,11717672.96
32.9,redis-benchmark,stress-ng,2,0.708774148547463,4708.6,0.0012648202502715776,41405.0,536421.0,277394787.0,391372608.0,7714570.24
33.0,redis-benchmark,stress-ng,2,0.7099383997021412,3783.6000000000004,0.001254868960053673,43685.0,516400.0,267437112.0,376704672.0,6199050.24
33.1,redis-benchmark,stress-ng,2,0.7060609663787002,4106.4,0.001255385013395646,44233.0,536241.0,276718011.0,391918013.0,6727925.76
33.2,redis-benchmark,stress-ng,2,0.68970414794941,4921.0,0.0013894450830356285,14594.0,553562.0,267537357.0,387901621.0,8062566.399999999
33.3,redis-benchmark,stress-ng,2,0.6913224412828688,4821.9,0.001387742523038384,14701.0,552974.0,268147872.0,387876707.0,7900200.96
33.4,redis-benchmark,stress-ng,2,0.6866627180550008,4677.5,0.0014036224220509506,15200.0,564675.0,268807331.0,391469238.0,7663616.0
33.5,redis-benchmark,stress-ng,2,0.7111916728927308,5218.0,0.0012475962439246352,42534.0,521661.0,273126129.0,384040111.0,8549171.2
33.6,redis-benchmark,stress-ng,2,0.710744534287918,5912.200000000001,0.0012536464668816032,41435.0,532506.0,278408657.0,391714102.0,9686548.48
33.7,redis-benchmark,stress-ng,2,0.7131198748828045,5897.9,0.0012494456227653866,41904.0,526532.0,276600960.0,387874423.0,9663119.36
33.8,redis-benchmark,stress-ng,2,0.6930247972638496,7427.799999999999,0.0013668024132388677,13646.0,543921.0,268871141.0,387967562.0,12169707.52
34.0,redis-benchmark,stress-ng,2,0.689432595074374,4988.1,0.0013831412811639284,13226.0,554134.0,269617870.0,391072125.0,8172503.04
34.1,redis-benchmark,stress-ng,2,0.6912231478210152,5006.599999999999,0.0013856498724501827,14401.0,537405.0,260897416.0,377443112.0,8202813.4399999995
34.2,redis-benchmark,stress-ng,2,0.6861694096285481,4703.7,0.0013990434137343148,14041.0,571324.0,273322860.0,398331456.0,7706542.08
34.3,redis-benchmark,stress-ng,2,0.6902015136105744,4700.8,0.00139827988542715,14159.0,541928.0,260510765.0,377441602.0,7701790.720000001
34.4,redis-benchmark,stress-ng,2,0.6874262904170322,7505.9,0.0013985967217745193,13674.0,570782.0,273824956.0,398333552.0,12297666.559999999
34.6,redis-benchmark,stress-ng,2,0.6888134980504634,7744.299999999999,0.0014069768008861381,11850.0,572193.0,274327069.0,398260298.0,12688261.12
34.7,redis-benchmark,stress-ng,2,0.6939317408172582,7451.3,0.001358430214258724,13193.0,540100.0,269161778.0,387879329.0,12208209.92
34.8,redis-benchmark,stress-ng,2,0.6913621409664399,5259.9,0.0013854698332908856,12821.0,535722.0,260932390.0,377417817.0,8617820.16
34.9,redis-benchmark,stress-ng,2,0.6881262848671329,5037.299999999999,0.001394084855694038,13750.0,569098.0,274122163.0,398360256.0,8253112.319999999
35.0,redis-benchmark,stress-ng,2,0.6916029426139441,5004.5,0.0013929164250065442,12932.0,538203.0,260804570.0,377101591.0,8199372.8
35.1,redis-benchmark,stress-ng,2,0.6903481465774649,4757.7,0.0013841323911722987,13360.0,555636.0,270464902.0,391780442.0,7795015.68
35.3,redis-benchmark,stress-ng,2,0.6952067079746359,7268.8,0.0013629417920513116,10965.0,539647.0,269669090.0,387897710.0,11909201.92
35.4,redis-benchmark,stress-ng,2,0.6921466580493119,7804.5,0.001382258333615442,12031.0,548144.0,268451137.0,387852970.0,12786892.8
35.5,redis-benchmark,stress-ng,2,0.6894832348518363,7765.1,0.001392229010290489,10987.0,550976.0,267422500.0,387859322.0,12722339.84
35.6,redis-benchmark,stress-ng,2,0.690320027851245,5294.5,0.001407575400795557,13475.0,559511.0,267793531.0,387926643.0,8674508.8
35.7,redis-benchmark,stress-ng,2,0.6887522946599183,5054.9,0.001394203057987343,13162.0,553956.0,267158436.0,387887544.0,8281948.16
35.8,redis-benchmark,stress-ng,2,0.6913631347908649,4989.5,0.0013939336150555906,12963.0,553657.0,268173387.0,387890782.0,8174796.8
35.9,redis-benchmark,stress-ng,2,0.6882844135452032,4741.2,0.0013862119148667603,13266.0,550944.0,266968840.0,387875760.0,7767982.08
36.0,redis-benchmark,stress-ng,2,0.6964283428037559,4735.6,0.0013588726113201003,13095.0,540172.0,270129340.0,387878154.0,7758807.04
36.1,redis-benchmark,stress-ng,2,0.6874213475552438,7277.0,0.0014115978733544728,11519.0,559066.0,266644987.0,387891630.0,11922636.8
36.2,redis-benchmark,stress-ng,2,0.6899563597860897,7791.800000000001,0.0013971443539432845,12213.0,554149.0,267626025.0,387888337.0,12766085.120000001
36.3,redis-benchmark,stress-ng,2,0.6933101809583702,7827.7,0.0013831543918408566,11836.0,553354.0,271437480.0,391509439.0,12824903.68
36.4,redis-benchmark,stress-ng,2,0.6897747394624789,5294.400000000001,0.0013951924536330445,14355.0,555469.0,267523500.0,387841834.0,8674344.96
36.5,redis-benchmark,stress-ng,2,0.6917693966164113,5082.5,0.0013839506672569245,13666.0,540091.0,263134166.0,380378443.0,8327168.0
36.7,redis-benchmark,stress-ng,2,0.6888567545626642,4712.8,0.0013835213458969304,13852.0,535610.0,259783865.0,377123202.0,7721451.5200000005
36.8,redis-benchmark,stress-ng,2,0.6905605861019604,4737.7,0.0013797012965547062,13173.0,533467.0,260414722.0,377106263.0,7762247.68
36.9,redis-benchmark,stress-ng,2,0.6892965586304409,7213.9,0.0014004026656326237,12660.0,561335.0,270065031.0,391798026.0,11819253.76
37.0,redis-benchmark,stress-ng,2,0.6896229804631558,7875.0,0.0014164351596790408,11304.0,560696.0,267483722.0,387869502.0,12902400.0
37.1,redis-benchmark,stress-ng,2,0.6914725281954385,7705.0,0.0014110412321608678,11710.0,558925.0,268159520.0,387809362.0,12623872.0
37.2,redis-benchmark,stress-ng,2,0.7076983865991628,4212.3,0.0012614005338233347,41219.0,530604.0,274565426.0,387969552.0,6901432.32
37.3,redis-benchmark,stress-ng,2,0.6929270685033467,4977.5,0.0013767065297634023,14167.0,548030.0,268705142.0,387782718.0,8155136.0
37.4,redis-benchmark,stress-ng,2,0.6878160645161435,5160.4,0.0013915977068097618,12447.0,552321.0,266840056.0,387952637.0,8454799.36
37.5,redis-benchmark,stress-ng,2,0.6893810677601571,4688.6,0.0013957621478813854,13824.0,555256.0,267418751.0,387911365.0,7681802.24
37.6,redis-benchmark,stress-ng,2,0.6870384477757472,4811.2,0.001397244911860954,14454.0,556420.0,266489773.0,387881892.0,7882670.08
37.7,redis-benchmark,stress-ng,2,0.6880434185354649,6131.2,0.001398725541165166,12320.0,554858.0,266878447.0,387880241.0,10045358.08
37.8,redis-benchmark,stress-ng,2,0.694715989155652,7711.4,0.0013690784822023407,11740.0,542783.0,269468893.0,387883534.0,12634357.76
37.9,redis-benchmark,stress-ng,2,0.6909932777096833,7825.299999999999,0.0013965328876401428,11292.0,552985.0,268025354.0,387884170.0,12820971.52
38.1,redis-benchmark,stress-ng,2,0.6937164454776533,5049.0,0.0013755451413311893,12781.0,546345.0,269087586.0,387892759.0,8272281.6
38.2,redis-benchmark,stress-ng,2,0.6884634722208418,5068.9,0.0014005270223172047,13064.0,556294.0,267038055.0,387875415.0,8304885.76
38.3,redis-benchmark,stress-ng,2,0.6888814422584015,4792.799999999999,0.0014144286776041507,12933.0,561566.0,267205479.0,387883114.0,7852523.52
38.4,redis-benchmark,stress-ng,2,0.6871575685916066,4696.8,0.0014115338992852114,12692.0,560085.0,266479780.0,387800109.0,7695237.12
38.5,redis-benchmark,stress-ng,2,0.6912548476563746,6032.0,0.0014030210246649309,13111.0,557458.0,268194486.0,387982069.0,9882828.8
38.6,redis-benchmark,stress-ng,2,0.6901324980295277,7842.5,0.0014044521090598322,12381.0,557021.0,267630175.0,387795352.0,12849152.0
38.7,redis-benchmark,stress-ng,2,0.6899070651030925,7766.6,0.0014065793532963135,11571.0,557269.0,267657068.0,387961048.0,12724797.440000001
38.8,redis-benchmark,stress-ng,2,0.6918952825650326,6449.700000000001,0.0014028624871274336,12832.0,551490.0,265667471.0,383970635.0,10567188.48
38.9,redis-benchmark,stress-ng,2,0.6899667097037111,5037.2,0.0014148978017660269,13996.0,548024.0,260415658.0,377432207.0,8252948.4799999995
39.0,redis-benchmark,stress-ng,2,0.6906421447110721,5036.2,0.0014000019676826921,14425.0,572097.0,275108032.0,398336583.0,8251310.08
39.1,redis-benchmark,stress-ng,2,0.6888600528597787,4699.5,0.0013892534263053493,13701.0,538021.0,259983597.0,377411342.0,7699660.8
39.2,redis-benchmark,stress-ng,2,0.6905407270392118,4790.2,0.001393299630106916,13891.0,568913.0,275077440.0,398350784.0,7848263.68
39.3,redis-benchmark,stress-ng,2,0.6926402766384524,5700.299999999999,0.0013832939793574255,12391.0,534607.0,261482982.0,377516282.0,9339371.52
39.5,redis-benchmark,stress-ng,2,0.6885844833518535,7817.7,0.0014094741935605042,12090.0,573430.0,274237028.0,398261992.0,12808519.68
39.6,redis-benchmark,stress-ng,2,0.6964061489825385,6321.4,0.0013776292199923642,17429.0,536936.0,262616286.0,377102193.0,10356981.76
39.7,redis-benchmark,stress-ng,2,0.689478302732474,5041.0,0.0013924907255468315,15368.0,570943.0,275087583.0,398979318.0,8259174.4
39.8,redis-benchmark,stress-ng,2,0.6894259633305961,5069.5,0.0013922332311168896,12316.0,536901.0,259771503.0,376793908.0,8305868.800000001
40.0,redis-benchmark,stress-ng,2,0.6882589101770321,4794.9,0.0014135431613165948,13901.0,546944.0,259540426.0,377097081.0,7855964.159999999
40.1,redis-benchmark,stress-ng,2,0.7096963935808001,4285.9,0.0012403552233801152,44332.0,538820.0,282932134.0,398666439.0,7022018.56
40.2,redis-benchmark,stress-ng,2,0.6924723306225364,4053.8,0.001370968936442682,12915.0,529485.0,260917970.0,376791907.0,6641745.92
40.3,redis-benchmark,stress-ng,2,0.6931290517464916,7789.0,0.0013873036317266644,13118.0,566610.0,276537433.0,398969618.0,12761497.6
40.4,redis-benchmark,stress-ng,2,0.6891717537441086,7822.799999999999,0.0013950221002084788,11412.0,537052.0,259677779.0,376796898.0,12816875.52
40.5,redis-benchmark,stress-ng,2,0.6934678572467564,7595.999999999999,0.001368635896405419,14045.0,560101.0,276678615.0,398978283.0,12445286.399999999
40.6,redis-benchmark,stress-ng,2,0.6896238761320409,5041.7,0.0013809945911118166,14112.0,534459.0,259844403.0,376791483.0,8260321.28
40.8,redis-benchmark,stress-ng,2,0.6925834416118207,4848.9,0.0013750660444733212,13889.0,557148.0,273624812.0,395078478.0,7944437.76
40.9,redis-benchmark,stress-ng,2,0.7087367477190605,3676.6000000000004,0.0012260984210080508,43650.0,510940.0,270113385.0,381119486.0,6023741.44
41.0,redis-benchmark,stress-ng,2,0.6923041749233428,4550.7,0.0013602886853335719,16032.0,528602.0,260866943.0,376809721.0,7455866.88
41.1,redis-benchmark,stress-ng,2,0.6936074007127369,6879.8,0.0013791486635336492,13536.0,563718.0,276699907.0,398928712.0,11271864.32
41.2,redis-benchmark,stress-ng,2,0.6896281306397932,7591.1,0.0014166644762158983,12643.0,562269.0,267556332.0,387971894.0,12437258.24
41.3,redis-benchmark,stress-ng,2,0.7118230228584964,6300.4,0.001247867788454593,40654.0,524811.0,276178376.0,387987417.0,10322575.36
41.4,redis-benchmark,stress-ng,2,0.6936032685375606,6141.0,0.0013593929428364192,12614.0,525122.0,261497035.0,377012403.0,10061414.4
41.5,redis-benchmark,stress-ng,2,0.6923388843719246,5038.0,0.0013892130530386382,13017.0,551868.0,268545922.0,387882189.0,8254259.2
41.6,redis-benchmark,stress-ng,2,0.6900806108555023,5098.0,0.001396160668693476,13930.0,540021.0,260031103.0,376812649.0,8352563.2
41.7,redis-benchmark,stress-ng,2,0.6885834268621225,4811.5,0.001394116956255782,13818.0,570128.0,274773106.0,399041126.0,7883161.6
41.8,redis-benchmark,stress-ng,2,0.6909235263513568,4731.4,0.001386239024910877,13180.0,535375.0,260270274.0,376699105.0,7751925.76
41.9,redis-benchmark,stress-ng,2,0.6900015537142227,5773.0,0.0013707640471150478,13153.0,560042.0,275287538.0,398966548.0,9458483.2
42.0,redis-benchmark,stress-ng,2,0.6920403050578312,7832.9,0.0013837677499686121,11235.0,532640.0,260761443.0,376800948.0,12833423.36
42.2,redis-benchmark,stress-ng,2,0.6913677500240389,6663.6,0.0013696374505850104,11756.0,558210.0,275839911.0,398977116.0,10917642.24
42.3,redis-benchmark,stress-ng,2,0.6916595327424951,5052.4,0.0013757528784869488,11708.0,530078.0,260610432.0,376790053.0,8277852.16
42.4,redis-benchmark,stress-ng,2,0.6903200896068707,5135.2,0.0013668837894559751,13027.0,558395.0,275428306.0,398986369.0,8413511.68
42.5,redis-benchmark,stress-ng,2,0.6899287444008757,4818.3,0.0013715127613167385,12225.0,528996.0,259957601.0,376789057.0,7894302.72
42.6,redis-benchmark,stress-ng,2,0.6896087219187931,4744.700000000001,0.001385158810289758,14140.0,566757.0,275123329.0,398955698.0,7773716.48
42.7,redis-benchmark,stress-ng,2,0.687498759819585,5645.599999999999,0.001387937868278184,12846.0,535835.0,259056473.0,376810095.0,9249751.04
42.8,redis-benchmark,stress-ng,2,0.6929628820068505,7775.799999999999,0.0013910117334596946,13118.0,548111.0,266518450.0,384607108.0,12739870.719999999
42.9,redis-benchmark,stress-ng,2,0.6896668768684439,7744.400000000001,0.0013895429878171366,12022.0,540879.0,262485694.0,380597797.0,12688424.96
43.0,redis-benchmark,stress-ng,2,0.6927796994023724,6819.400000000001,0.0013839019176020235,13039.0,534591.0,261088328.0,376870639.0,11172904.96
43.1,redis-benchmark,stress-ng,2,0.6908463407763906,4938.1,0.0013584660103586716,12804.0,525740.0,260853018.0,377584714.0,8090583.04
43.2,redis-benchmark,stress-ng,2,0.688917583313657,5135.2,0.0013788090492763084,14815.0,563851.0,274324102.0,398195820.0,8413511.68
43.3,redis-benchmark,stress-ng,2,0.7148710263851641,3905.4999999999995,0.0012125393331741511,43576.0,501290.0,269852258.0,377483837.0,6398771.199999999
43.4,redis-benchmark,stress-ng,2,0.7104059143064738,3666.3,0.0012254947430192682,45472.0,533648.0,282990294.0,398350138.0,6006865.92
43.5,redis-benchmark,stress-ng,2,0.6945106699994393,4414.2,0.0013578946282458413,13787.0,526322.0,262141862.0,377448286.0,7232225.28
43.7,redis-benchmark,stress-ng,2,0.704664293445902,6845.8,0.0012623609396058937,32965.0,535967.0,280781461.0,398461315.0,11216158.72
43.8,redis-benchmark,stress-ng,2,0.6921606780026398,7886.800000000001,0.001383926591609248,13012.0,534934.0,261035439.0,377131275.0,12921733.120000001
43.9,redis-benchmark,stress-ng,2,0.6912490703605632,6189.700000000001,0.001341631834265931,16908.0,551734.0,275558440.0,398638424.0,10141204.48
44.0,redis-benchmark,stress-ng,2,0.6880907400621459,4946.7,0.001399107784597445,19876.0,547514.0,259495963.0,377124626.0,8104673.28
44.1,redis-benchmark,stress-ng,2,0.6911886204716579,5073.9,0.0014251970833791983,16821.0,575308.0,270853669.0,391866505.0,8313077.76
44.2,redis-benchmark,stress-ng,2,0.6866135544053968,4777.0,0.0014229053141383194,15675.0,567503.0,266280954.0,387817794.0,7826636.8
44.3,redis-benchmark,stress-ng,2,0.6893498002142731,4716.3,0.001415552156657395,15558.0,564626.0,267386768.0,387882564.0,7727185.92
44.4,redis-benchmark,stress-ng,2,0.6858605800255421,5820.8,0.0014209694308391235,14872.0,564895.0,265480091.0,387075885.0,9536798.72
44.5,redis-benchmark,stress-ng,2,0.6913656268701115,7721.7,0.0014159573524817652,13158.0,563510.0,268718867.0,388678373.0,12651233.28
44.6,redis-benchmark,stress-ng,2,0.6911236209725934,7711.2,0.0014023560295937866,13387.0,557343.0,268078029.0,387887233.0,12634030.08
44.7,redis-benchmark,stress-ng,2,0.6909098777419745,6647.0,0.0013907707130546045,14285.0,568269.0,275209288.0,398328779.0,10890444.8
44.8,redis-benchmark,stress-ng,2,0.6927520380099255,5025.5,0.0013916844463091628,14818.0,554616.0,268700398.0,387873847.0,8233779.2
44.9,redis-benchmark,stress-ng,2,0.6893455215193761,5054.3,0.0014195938541281272,14361.0,550196.0,260197983.0,377456551.0,8280965.12
45.2,redis-benchmark,stress-ng,2,0.6898504524266863,4719.099999999999,0.0014020279974215773,14556.0,558358.0,267571016.0,387868146.0,7731773.4399999995
45.3,redis-benchmark,stress-ng,2,0.6932548231696097,5506.5,0.001410062581928419,13412.0,559910.0,268684794.0,387570032.0,9021849.6
45.4,redis-benchmark,stress-ng,2,0.6912875332504572,7699.8,0.0014450188141679778,12090.0,583385.0,273303785.0,395354714.0,12615352.32
45.5,redis-benchmark,stress-ng,2,0.6918140275673204,7697.9,0.0014316127551753223,12741.0,568066.0,268355827.0,387901685.0,12612239.36
45.6,redis-benchmark,stress-ng,2,0.6958077364434557,6898.8,0.0013876154534131935,14685.0,542548.0,264692324.0,380410148.0,11302993.92
45.7,redis-benchmark,stress-ng,2,0.6906480533658479,5041.0,0.0014175130297057804,14398.0,564248.0,267900770.0,387897669.0,8259174.399999999
45.8,redis-benchmark,stress-ng,2,0.6917483833174101,5001.3,0.0014249212952266756,13919.0,566611.0,268312221.0,387875458.0,8194129.92
45.9,redis-benchmark,stress-ng,2,0.6894901882170648,4977.3,0.0014021040744641863,14480.0,558312.0,267431523.0,387868497.0,8154808.32
46.0,redis-benchmark,stress-ng,2,0.6926875548497086,4743.4,0.0014056700307069293,14821.0,560048.0,268677534.0,387876947.0,7771586.56
46.1,redis-benchmark,stress-ng,2,0.6915082501087382,5370.1,0.0014071315079858026,12132.0,557935.0,268224594.0,387883433.0,8798371.84
46.2,redis-benchmark,stress-ng,2,0.6949833292184356,7633.400000000001,0.0014144676678102613,12068.0,560745.0,269586486.0,387903529.0,12506562.56
46.4,redis-benchmark,stress-ng,2,0.6910623465615476,6988.7,0.0014251668630419487,12014.0,564782.0,268036790.0,387861951.0,11450286.08
46.5,redis-benchmark,stress-ng,2,0.6868633666112002,5159.6,0.0014336750542966376,13356.0,569492.0,266440742.0,387909379.0,8453488.64
46.6,redis-benchmark,stress-ng,2,0.7025401825197515,4399.4,0.0013376065830741958,26074.0,545323.0,272720912.0,388192617.0,7207976.96
46.7,redis-benchmark,stress-ng,2,0.7099959627680563,3743.5,0.0012724286706812798,42563.0,536109.0,275391207.0,387877145.0,6133350.4
46.8,redis-benchmark,stress-ng,2,0.696757737044743,4684.3,0.0013651637841618227,15323.0,544391.0,270027836.0,387549103.0,7674757.12
46.9,redis-benchmark,stress-ng,2,0.6878117072576865,4784.0,0.0014228684146252383,13539.0,565446.0,266790725.0,387883373.0,7838105.600000001
47.0,redis-benchmark,stress-ng,2,0.6900878201152945,6887.4,0.0014274308741122127,13219.0,566902.0,267676636.0,387887785.0,11284316.16
47.1,redis-benchmark,stress-ng,2,0.7098093681504191,6517.3,0.0012780140867731538,36400.0,532231.0,275384671.0,387969902.0,10677944.32
47.2,redis-benchmark,stress-ng,2,0.6958887074849184,7077.6,0.0013654381095311266,12682.0,542259.0,269896271.0,387844016.0,11595939.84
47.3,redis-benchmark,stress-ng,2,0.691244837588546,6466.0,0.0014188571494513648,13203.0,563538.0,268114537.0,387872028.0,10593894.4
47.4,redis-benchmark,stress-ng,2,0.6881715783454071,4974.2,0.0014152609216751726,12402.0,561360.0,266931198.0,387884659.0,8149729.28
47.5,redis-benchmark,stress-ng,2,0.6907321799118267,5143.5,0.001403713604464535,13451.0,557924.0,267921477.0,387880404.0,8427110.4
47.6,redis-benchmark,stress-ng,2,0.6884645633825713,4722.4,0.0013915896035842463,13799.0,553580.0,267047188.0,387888066.0,7737180.16
47.8,redis-benchmark,stress-ng,2,0.6882953723596863,5923.8,0.0014119288588777732,13816.0,561490.0,266983338.0,387890648.0,9705553.92
47.9,redis-benchmark,stress-ng,2,0.6879977062235475,7928.299999999999,0.0014157256039290214,12669.0,561792.0,266856348.0,387873892.0,12989726.719999999
48.0,redis-benchmark,stress-ng,2,0.6893783328140416,7659.700000000001,0.0014137443756000712,11912.0,560290.0,267403300.0,387890491.0,12549652.48
48.1,redis-benchmark,stress-ng,2,0.6921763519770078,6595.2,0.0014127482273815948,12586.0,560563.0,268481470.0,387880154.0,10805575.68
48.2,redis-benchmark,stress-ng,2,0.688051480999154,5048.1,0.001417475625432371,12710.0,562527.0,266884590.0,387884624.0,8270807.04
48.3,redis-benchmark,stress-ng,2,0.689166545883942,5063.5,0.0014279479031355437,13202.0,567074.0,267313711.0,387879697.0,8296038.399999999
48.4,redis-benchmark,stress-ng,2,0.6873428412453622,4700.4,0.0014274647307831372,13418.0,567123.0,266616162.0,387893997.0,7701135.359999999
48.5,redis-benchmark,stress-ng,2,0.6883116110307409,4776.6,0.0014351570510746333,13978.0,570615.0,266967096.0,387857900.0,7825981.44
48.6,redis-benchmark,stress-ng,2,0.698049096772141,4936.0,0.0013482779606538576,26802.0,549941.0,270846752.0,388005304.0,8087142.4
48.7,redis-benchmark,stress-ng,2,0.6914412360214692,7683.0,0.0013920653343378645,13403.0,553309.0,268172235.0,387845302.0,12587827.2
48.8,redis-benchmark,stress-ng,2,0.6938714207568394,7690.0,0.0013953715826892958,12723.0,553948.0,269133014.0,387871594.0,12599296.0
48.9,redis-benchmark,stress-ng,2,0.6884469961104911,7090.900000000001,0.0014097236672404934,12625.0,559428.0,267034520.0,387879563.0,11617730.56
49.1,redis-benchmark,stress-ng,2,0.6910609488922831,5000.6,0.0014034919429393492,13433.0,557827.0,268052436.0,387885376.0,8192983.04
49.2,redis-benchmark,stress-ng,2,0.6866811116853992,4882.7,0.001415207046943058,12880.0,566905.0,268821798.0,391479820.0,7999815.68
49.3,redis-benchmark,stress-ng,2,0.6943602733100378,4600.400000000001,0.0013789182137848104,13477.0,533915.0,262068822.0,377424850.0,7537295.36
49.4,redis-benchmark,stress-ng,2,0.6873569839229698,5237.0,0.001416947497400248,14741.0,564396.0,266635993.0,387914867.0,8580300.8
49.5,redis-benchmark,stress-ng,2,0.6894581109738434,7038.099999999999,0.001408757144273286,14606.0,560970.0,267395337.0,387834058.0,11531223.04
49.6,redis-benchmark,stress-ng,2,0.7098779736282523,6467.1,0.0012593392960353114,40231.0,529608.0,275857312.0,388598213.0,10595696.64
49.7,redis-benchmark,stress-ng,2,0.6924663842747134,7742.0,0.0013927082387796166,13014.0,553149.0,268559717.0,387830692.0,12684492.8
49.8,redis-benchmark,stress-ng,2,0.6936438817764078,5244.6,0.0014059960601533973,13730.0,559090.0,269051698.0,387881599.0,8592752.64
49.9,redis-benchmark,stress-ng,2,0.6888079112557903,5047.0,0.0014096948918592594,13884.0,560664.0,267168727.0,387871165.0,8269004.8
50.0,redis-benchmark,stress-ng,2,0.6932420929832007,4851.3,0.0013912584111983475,14468.0,554115.0,268897577.0,387884088.0,7948369.92
50.1,redis-benchmark,stress-ng,2,0.6896861790630313,4798.4,0.0014001744146467361,15587.0,558679.0,267511706.0,387874535.0,7861698.56
50.2,redis-benchmark,stress-ng,2,0.7071475859222504,3569.4,0.0012538083065248744,44545.0,531041.0,274383628.0,388014657.0,5848104.96
50.5,redis-benchmark,stress-ng,2,0.6883227324695331,7826.1,0.001427529678208726,12228.0,565958.0,266996163.0,387893862.0,12822282.24
50.6,redis-benchmark,stress-ng,2,0.6955659181918162,7817.1,0.0014047004518178993,14433.0,559313.0,269808383.0,387897647.0,12807536.64
50.7,redis-benchmark,stress-ng,2,0.690103893054512,5972.0,0.001405573296902318,13090.0,553703.0,265428446.0,384620995.0,9784524.8
50.8,redis-benchmark,stress-ng,2,0.6909464886348564,5066.4,0.0013958641636242933,14392.0,555837.0,268012842.0,387892328.0,8300789.76
50.9,redis-benchmark,stress-ng,2,0.6883108441508536,5089.0,0.0014000296951620682,14993.0,558029.0,266978314.0,387874630.0,8337817.6
51.0,redis-benchmark,stress-ng,2,0.687198987626022,4966.2,0.001401326266338648,14760.0,558328.0,266561320.0,387895391.0,8136622.08
51.1,redis-benchmark,stress-ng,2,0.6912441103872136,4647.099999999999,0.0014099424792501872,15276.0,562191.0,268132763.0,387898803.0,7613808.64
51.2,redis-benchmark,stress-ng,2,0.6885341283060303,5918.8,0.0014196886221973092,12547.0,563277.0,267098288.0,387923092.0,9697361.92
51.3,redis-benchmark,stress-ng,2,0.6931840097412123,7800.4,0.0014038690012059783,11710.0,556152.0,268827425.0,387815387.0,12780175.36
51.4,redis-benchmark,stress-ng,2,0.6912129367570699,7764.400000000001,0.0014049476831150527,11940.0,556898.0,268111065.0,387884906.0,12721192.96
51.5,redis-benchmark,stress-ng,2,0.7052851408413849,6081.800000000001,0.0012945430887337044,37253.0,548776.0,278684869.0,395137871.0,9964421.120000001
51.6,redis-benchmark,stress-ng,2,0.6884806633100429,4556.6,0.0014454325876183947,13404.0,558029.0,259412846.0,376790315.0,7465533.44
51.8,redis-benchmark,stress-ng,2,0.6895536777379553,4843.3,0.0014107868579542671,13708.0,576589.0,275120697.0,398983728.0,7935262.72
51.9,redis-benchmark,stress-ng,2,0.691995898396776,4741.3,0.0013978004413028834,12958.0,539626.0,260732566.0,376783398.0,7768145.92
52.0,redis-benchmark,stress-ng,2,0.6896415008008724,5307.4,0.0014046507203355368,14014.0,563897.0,269976110.0,391473120.0,8695644.16
52.1,redis-benchmark,stress-ng,2,0.695085912714215,7789.8,0.0013960618355181472,11707.0,553224.0,269616165.0,387888979.0,12762808.32
52.2,redis-benchmark,stress-ng,2,0.6899744184573464,7799.099999999999,0.0014057591734803296,11719.0,556969.0,267619489.0,387868712.0,12778045.44
52.3,redis-benchmark,stress-ng,2,0.6906839481197026,6982.9,0.0014257242581857705,11829.0,564848.0,267906886.0,387886365.0,11440783.36
52.4,redis-benchmark,stress-ng,2,0.6883141645106446,5145.0,0.001423722192780907,12678.0,564926.0,266990374.0,387890280.0,8429568.0
52.5,redis-benchmark,stress-ng,2,0.6919492674597375,5009.5,0.0014098817586761906,13150.0,560015.0,268393313.0,387880045.0,8207564.8
52.6,redis-benchmark,stress-ng,2,0.7039691242014845,4274.700000000001,0.0012992837798647362,36173.0,540292.0,273138337.0,387997609.0,7003668.48
52.7,redis-benchmark,stress-ng,2,0.7074685470744523,3537.8,0.0012633689466957003,45993.0,536217.0,274518431.0,388029167.0,5796331.5200000005
52.8,redis-benchmark,stress-ng,2,0.7108839782666301,3588.6000000000004,0.001253814956111657,46088.0,532589.0,275834775.0,388016587.0,5879562.24
52.9,redis-benchmark,stress-ng,2,0.6924009538411694,5246.4,0.0013873128556528772,14627.0,552752.0,268575514.0,387890156.0,8595701.76
53.0,redis-benchmark,stress-ng,2,0.6939907077421328,7797.4,0.001405553343353011,12293.0,557481.0,269186088.0,387881401.0,12775260.16
53.2,redis-benchmark,stress-ng,2,0.7073114153349473,6255.4,0.0012638824690458918,39896.0,530305.0,274449478.0,388017883.0,10248847.36
53.3,redis-benchmark,stress-ng,2,0.69471642086512,5086.0,0.0013637666502837216,16238.0,549901.0,271853289.0,391315479.0,8332902.399999999
53.4,redis-benchmark,stress-ng,2,0.6875835376046733,5004.4,0.0013880248666240961,16090.0,545272.0,262139995.0,381248213.0,8199208.96
53.5,redis-benchmark,stress-ng,2,0.6890121647421461,4872.099999999999,0.001393526594538594,13991.0,538763.0,259467091.0,376578389.0,7982448.64
53.6,redis-benchmark,stress-ng,2,0.6924512163055442,4695.8,0.0013841630967878472,13470.0,535450.0,261129405.0,377108739.0,7693598.72
53.7,redis-benchmark,stress-ng,2,0.6894529963404564,4580.200000000001,0.0013947994458463476,15201.0,556214.0,267424134.0,387878703.0,7504199.680000001
53.8,redis-benchmark,stress-ng,2,0.6927235034703225,7661.500000000001,0.0014019428474739935,12549.0,556324.0,268688359.0,387872445.0,12552601.600000001
53.9,redis-benchmark,stress-ng,2,0.6896157385429471,7643.099999999999,0.0014061006418794736,11735.0,557146.0,267494373.0,387889020.0,12522455.04
54.0,redis-benchmark,stress-ng,2,0.6931847411780697,7807.3,0.0014009381459201631,13345.0,556725.0,268864636.0,387868659.0,12791480.32
54.1,redis-benchmark,stress-ng,2,0.6897954295547575,4990.3,0.0013996625466246855,13123.0,556034.0,267562726.0,387887067.0,8176107.5200000005
54.2,redis-benchmark,stress-ng,2,0.6894397607126749,5017.6,0.001401239516387776,13039.0,556559.0,267423445.0,387885150.0,8220835.84
54.3,redis-benchmark,stress-ng,2,0.6903603840302031,4957.799999999999,0.0013743156026883119,18643.0,552216.0,268029891.0,388246338.0,8122859.52
54.4,redis-benchmark,stress-ng,2,0.6865966119697241,4741.9,0.001388021680830884,19849.0,552770.0,263613860.0,383942850.0,7769128.96
54.6,redis-benchmark,stress-ng,2,0.7066946855483226,6772.1,0.0012692819618618718,35404.0,527806.0,274153330.0,387937444.0,11095408.64
54.7,redis-benchmark,stress-ng,2,0.6902885282918245,6721.7,0.001372743327053736,17183.0,549639.0,267747263.0,387877318.0,11012833.28
54.8,redis-benchmark,stress-ng,2,0.7126698241273985,6702.5,0.0012382699978447207,40936.0,521334.0,276486678.0,387959008.0,10981376.0
54.9,redis-benchmark,stress-ng,2,0.6905814761854773,6097.9,0.0013761795112314389,15954.0,554681.0,270338923.0,391465645.0,9990799.36
55.0,redis-benchmark,stress-ng,2,0.7096381830460192,4265.400000000001,0.0012518396494754257,43060.0,529392.0,275690067.0,388493846.0,6988431.36
55.1,redis-benchmark,stress-ng,2,0.6951502534285356,5121.0,0.001341998812276385,19223.0,531561.0,265389125.0,381772320.0,8390246.4
55.2,redis-benchmark,stress-ng,2,0.6859185796107136,4952.099999999999,0.0013913376044091322,13875.0,556221.0,267372345.0,389801870.0,8113520.64
55.3,redis-benchmark,stress-ng,2,0.6891260580188056,4736.3,0.0013843359538329685,18272.0,560198.0,269772180.0,391470003.0,7759953.92
55.4,redis-benchmark,stress-ng,2,0.6876250746041289,4811.0,0.001395698139379296,12991.0,554353.0,266715327.0,387879001.0,7882342.4
55.5,redis-benchmark,stress-ng,2,0.691975001027468,7818.0,0.001397902983625205,12019.0,554259.0,268413852.0,387895302.0,12809011.2
55.6,redis-benchmark,stress-ng,2,0.6878063745837026,7767.6,0.0013965815612005435,11360.0,553068.0,266787294.0,387881392.0,12726435.84
55.7,redis-benchmark,stress-ng,2,0.6884541597082656,7516.1,0.0014068455085843594,11862.0,557535.0,267030633.0,387869881.0,12314378.24
55.8,redis-benchmark,stress-ng,2,0.6900081609491413,5056.6,0.0013954790168598937,12589.0,553871.0,267642145.0,387882579.0,8284733.44
56.0,redis-benchmark,stress-ng,2,0.6876776978289662,4933.0,0.001394643235265414,12954.0,553921.0,266742728.0,387889165.0,8082227.2
56.2,redis-benchmark,stress-ng,2,0.6872880556458928,4768.5,0.001385195323918435,13611.0,555867.0,269049473.0,391465370.0,7812710.4
56.3,redis-benchmark,stress-ng,2,0.6935690678905411,4810.0,0.0013702942745646208,12219.0,543722.0,269018157.0,387875079.0,7880704.0
56.4,redis-benchmark,stress-ng,2,0.6890830132886251,7800.1,0.0013973044516211233,10768.0,552794.0,267301023.0,387908304.0,12779683.84
56.5,redis-benchmark,stress-ng,2,0.6889976165355185,7792.0,0.0014033888804265294,11625.0,556148.0,267335059.0,388005782.0,12766412.8
56.6,redis-benchmark,stress-ng,2,0.6904009526488709,7559.9,0.0013964253673837935,12912.0,538885.0,260044159.0,376656721.0,12386140.16
56.7,redis-benchmark,stress-ng,2,0.6884336532277311,5055.8,0.0013854266282812694,11356.0,533823.0,259619570.0,377116326.0,8283422.720000001
56.8,redis-benchmark,stress-ng,2,0.6895588840169399,5065.900000000001,0.001393382763247917,12884.0,548783.0,265206321.0,384602863.0,8299970.5600000005
56.9,redis-benchmark,stress-ng,2,0.6856624224219563,4940.8,0.0013920521557221506,14167.0,558674.0,268199713.0,391154166.0,8095006.72
57.0,redis-benchmark,stress-ng,2,0.6912620297561125,4730.7,0.001370949818730319,13671.0,530677.0,260685411.0,377115189.0,7750778.88
57.1,redis-benchmark,stress-ng,2,0.6878386374404227,4694.9,0.0013856442468079388,13751.0,551229.0,266805954.0,387890327.0,7692124.16
57.2,redis-benchmark,stress-ng,2,0.7089875437183552,7270.2,0.0012137946059636898,40565.0,511364.0,274997619.0,387873696.0,11911495.68
57.3,redis-benchmark,stress-ng,2,0.710838720485561,5886.599999999999,0.0012320368246191008,41925.0,519807.0,275719867.0,387879640.0,9644605.44
57.5,redis-benchmark,stress-ng,2,0.7098895952131647,5409.8,0.001225670949235951,40205.0,502811.0,267934217.0,377430827.0,8863416.32
57.6,redis-benchmark,stress-ng,2,0.6947768878130055,5027.0,0.0013482613529375203,14675.0,537641.0,269491289.0,387881770.0,8236236.8
57.7,redis-benchmark,stress-ng,2,0.6900957530448658,5080.900000000001,0.0013723957603938171,12530.0,534563.0,262499176.0,380380802.0,8324546.5600000005
57.8,redis-benchmark,stress-ng,2,0.711805242276166,3682.5,0.0012173412469599727,42799.0,502160.0,268598118.0,377347766.0,6033408.0
57.9,redis-benchmark,stress-ng,2,0.7081772937315743,3554.3,0.0012173182052486848,43500.0,502659.0,267116664.0,377188970.0,5823365.12
58.0,redis-benchmark,stress-ng,2,0.6933655070229251,4717.900000000001,0.0013418002091253583,13906.0,519917.0,261477507.0,377113520.0,7729807.36
58.1,redis-benchmark,stress-ng,2,0.6916258852676965,6384.099999999999,0.0013734291324344792,12939.0,530425.0,260593506.0,376783911.0,10459709.44
58.2,redis-benchmark,stress-ng,2,0.6925648406761602,7609.9,0.001368487602489997,11555.0,537903.0,266374440.0,384620218.0,12468060.16
58.3,redis-benchmark,stress-ng,2,0.6910386872562587,7715.599999999999,0.0014153312419920544,12638.0,561636.0,268049518.0,387893649.0,12641239.04
58.4,redis-benchmark,stress-ng,2,0.6867931716023858,6135.0,0.00142738537313899,12885.0,566522.0,266385041.0,387867923.0,10051584.0
58.5,redis-benchmark,stress-ng,2,0.6882617728502397,5038.6,0.0014184240316731074,13620.0,563792.0,266959913.0,387875549.0,8255242.24
58.6,redis-benchmark,stress-ng,2,0.6895345347973493,5031.599999999999,0.0014074576052187928,14349.0,564918.0,269731989.0,391179811.0,8243773.4399999995
58.7,redis-benchmark,stress-ng,2,0.6860302866811419,4745.700000000001,0.0014103923364181,13219.0,545060.0,258693290.0,377087273.0,7775354.880000001
58.8,redis-benchmark,stress-ng,2,0.6887089153457974,4728.9,0.00141587851764595,14536.0,574321.0,272289547.0,395362309.0,7747829.76
59.0,redis-benchmark,stress-ng,2,0.6880844690133253,7738.6,0.0014043840758724982,12875.0,562877.0,269476022.0,391632182.0,12678922.24
59.1,redis-benchmark,stress-ng,2,0.6919339672999937,7128.5,0.0014078573282525785,12753.0,553584.0,265807715.0,384151852.0,11679334.4
59.2,redis-benchmark,stress-ng,2,0.7096723783881682,5832.6,0.001259183934344199,39513.0,528022.0,275322242.0,387956824.0,9556131.84
59.3,redis-benchmark,stress-ng,2,0.6883460112043144,5059.9,0.0014265427602068333,12133.0,554778.0,261841097.0,380391682.0,8290140.16
59.4,redis-benchmark,stress-ng,2,0.685543277071399,5019.700000000001,0.00142704035244188,11995.0,550153.0,258528498.0,377114774.0,8224276.48
59.5,redis-benchmark,stress-ng,2,0.6879749668792196,4863.2,0.001409623848179654,13237.0,545250.0,259651982.0,377414869.0,7967866.88
59.6,redis-benchmark,stress-ng,2,0.6898800959259589,4685.5,0.0014097033599169532,13972.0,565401.0,269858115.0,391166692.0,7676723.2
59.7,redis-benchmark,stress-ng,2,0.6843605969707585,5068.0,0.001432434726754313,14060.0,569688.0,265457059.0,387890624.0,8303411.2
59.8,redis-benchmark,stress-ng,2,0.6899350800569035,7775.0,0.0014416395505864588,12950.0,572888.0,267973273.0,388403606.0,12738560.0
59.9,redis-benchmark,stress-ng,2,0.6867389156850883,7800.1,0.0014252277450995327,15747.0,572919.0,268470563.0,390935415.0,12779683.84
60.0,redis-benchmark,stress-ng,2,0.6850661470808652,6092.4,0.001429146708039843,12633.0,439412.0,204577909.0,298625045.0,9981788.16
